ConstituentID,Constituent Email,class year,is admin
78c9198b-3cef-43d1-850a-c11b30e0390f,Stefan.Dietrich75@hotmail.com,2023,1OyLjvtZKGxnR
c0f274c3-328e-42fe-9226-1c0e2f8f8d61,Polly.Maggio@hotmail.com,2025,true
e4cf800d-dd2d-409c-b42d-ee32dd9535c5,xrhN1dCymiP,2024,false
1d259472-4fce-402e-8315-a593c6bab2ee,Jeff_Toy92@yahoo.com,2025,false
rSXh5vk,Keagan.Stamm@gmail.com,2023,true
bbd217f6-fd85-48cf-81b2-3ad0d3d2a7f4,Hailey_Walker63@gmail.com,2024,true
374ae991-a667-4b54-a77f-b03b38371156,Wilton_Kulas-Stark@hotmail.com,2023,false
a81f225a-e01e-4235-9c86-305657fc72f2,Dylan_Conn@hotmail.com,2025,QELqewUc7dF4H
39ce1c3d-0c8b-4549-93eb-1005a1dd797f,m9Jej7K3Wb4,2025,EPKOEb73yjAbA
826676d7-3925-407a-8386-4092aad21c13,Dedric86@hotmail.com,2025,true
TlqPIsY,Jena.Armstrong25@gmail.com,2025,false
dcb278d8-37c1-44ee-a0a8-190e8cb95430,Leonardo.Dooley92@gmail.com,2025,true
4ae3bceb-b69a-4152-92fc-bc2147032249,Bianka3@yahoo.com,2024,true
4aa0c5cf-5e67-4c84-ae76-9d2efe00a722,Simone33@hotmail.com,2023,D88KZir0NvGB5
30f126ff-655a-45bb-a74c-7d4d33bc1b85,HqpJAp8QMWq,2024,true
417fb2b7-093a-4d4a-9653-f40be2e1cec4,Andy14@hotmail.com,2023,false
4acd2aa3-3393-4d60-8e5c-ba3873cb33c2,Jeramy.Brakus47@hotmail.com,D0nEhMlgPN6G8n0e,true
a27eaeb7-4319-433d-b13e-44ce1de2f6ce,Lindsay.Cummings72@hotmail.com,2024,true
04417e6f-4f80-44bd-8d4c-ababc40fb8de,Vincenzo99@yahoo.com,2024,true
057d2ba8-3ad9-467b-99b5-b3557e3f2498,EjRmMx7IpvW,2024,true
45f184ca-2ff0-4299-86fa-fd67501292bc,Destini.Fritsch@gmail.com,2024,true
fd0e2897-a93d-4b36-b547-e5f66e1adff6,VZT3RowINr3,2024,true
a556640a-6da1-4905-af4c-b9f0a5b98646,Christelle_Cormier@hotmail.com,2025,false
cf8e26a0-b99a-4767-a649-660468ba97d5,Renee37@hotmail.com,AeTDO9jgAvKbSgiq,true
d2674245-5e31-4089-a0cb-1a6313a5436c,df0GhZuuylu,2025,false
b663c7c3-09dd-43bf-a14b-19d275260857,EvFXpy9TbX2,2025,true
387ee07b-258a-4023-a2b5-e940f5717fd7,Kristoffer52@yahoo.com,2025,true
6UV9fyL,Grace55@yahoo.com,2024,JDYy96I4usbO0
086c926a-7e41-4a4d-b02f-019eff9ff9ce,Elisha.Olson24@yahoo.com,2025,true
1e97082b-b421-4d20-a2c5-8223b4612f51,Yessenia_Reichert71@hotmail.com,2024,67GsAiUNFJe4y
e0547632-b815-41b5-b034-1accf509c2de,Zoila6@gmail.com,2023,true
f04a1928-cf3f-4ee9-ac3c-9a16cc2ef6b2,Clark.Spencer93@hotmail.com,2025,false
I3wZhCa,Darwin_Rutherford@gmail.com,2023,true
36aeb063-2f8d-4268-a64b-ac18937eb9ac,Ludie_Harvey8@yahoo.com,2025,true
b8ceab6d-bcc4-408f-9339-bc254f81bbf4,Santiago.Schuster71@gmail.com,2024,true
f43e5ae7-90d7-4a97-8543-5e86675817a9,Corrine22@gmail.com,2023,false
WoWo2V3,jTWpFpdEvVt,2025,false
25c45216-d391-405e-a9b9-beda3a05bdc2,Everette68@gmail.com,2023,zxd05c2qlz02z
db69f6f6-8798-4e17-a9c5-5fab326359b1,Blanca17@hotmail.com,2024,true
0844fb4f-5878-4106-a95d-90d54cf3d5b3,Vada.Lynch46@hotmail.com,9ZoNVgkGoX4KqEpt,false
aXHxWm5,Darrion.Metz@yahoo.com,2024,0xsFJ7rQWVBBz
ffbef549-28b4-4578-8e76-8514bbbf11ee,j8X6ZsNJTzb,2025,true
44d8ca98-135b-4557-a32a-80acf32a9152,Janessa85@gmail.com,2023,A7XarjPJQNt4o
cd0c78a1-d8a5-4fe5-8c30-945600370e5b,5Ztj3WAbXpc,2023,true
5a1add24-9aa3-4b87-a388-7a9eb544ae09,Audra_Daniel79@hotmail.com,2023,false
e6b903e2-40e9-4a80-be59-4c796d405a84,Jamison.Kling@gmail.com,3eCx7NzurIEZNHDN,false
ef024536-e5a1-4b5e-ac17-dc278e053ca9,M9YD6rdep75,2025,true
28b766d4-a9c3-4f8f-8af4-05387fbdb607,Coby_Larkin42@yahoo.com,2024,true
e8a242f3-941a-403a-9b9e-c07ad6ec325c,Benjamin57@gmail.com,2023,true
9244f2c2-3609-4d11-bef9-6b82d58c94e5,lFCVXCMYTDd,2025,false
46e9e746-1edf-403c-9ae1-820bcdf7011a,Zander_Schumm@hotmail.com,2024,false
649456fe-ea4d-465a-bdf3-8d03c627ee1a,Gregoria24@gmail.com,hhnkpinhAIU6BExi,false
b548cbe2-8ce8-40ef-b435-4c21bd31949b,Reba_Ondricka3@gmail.com,2025,true
c2e22eb3-722d-4d5f-ad7f-02047f29c752,Skylar.Cummings11@hotmail.com,2025,true
c9a1b5bf-5476-4928-bf0c-d49efadd1a4a,Isaac55@hotmail.com,2024,false
2c23ad96-2191-4277-af46-656723f33cac,Jaylon.Pollich20@yahoo.com,2024,false
y9W14kH,Lamar.Breitenberg76@gmail.com,2024,false
e447ce44-bef3-4b78-8d6b-3b74bd1b0682,A8e6LupZb8F,2024,true
0bf9f313-dd37-490c-978f-b481b1f9f40d,Beulah.Marquardt@hotmail.com,2024,2i0TdXqUHmQdX
f5880afb-bdd7-4f05-9ed7-c722d0f6858a,Samson.Sporer@yahoo.com,2025,true
w39Ppu6,Jovany10@hotmail.com,2025,true
f8fb62dd-16d8-4801-9523-2aac46359040,Thaddeus.Hessel35@yahoo.com,2025,E7Wjh9zDGYh78
0be159ea-5dae-40bd-a711-d3c01eb97f2d,Douglas95@hotmail.com,2025,ZB2tObHsXwWlv
ce5fa83f-8a6c-4954-86da-1c49ce7f8bd9,Darwin.Smitham@yahoo.com,2023,true
a1f8e147-97d6-4a0a-8564-51fde0795172,Leo_Corwin45@hotmail.com,2024,true
2d84cf3b-c6ba-4407-805b-44f22cfdc357,Zetta.Wolf@yahoo.com,2025,false
9b85adaf-5b03-44b9-b3a6-9113fcec0e34,Keenan18@gmail.com,2025,false
f7c513ea-5bad-41c3-9894-c86b3754d268,Ike.Hickle82@yahoo.com,2025,true
dc7db816-fea4-4bf1-83b5-18b63804f8d0,Fae_Hammes@gmail.com,2024,false
a9cf380a-d820-49e4-bdc1-cf43d570112d,Shayna_Brakus@hotmail.com,2025,7XxxJTVfbMSu2
f4bf3c07-23b5-48ea-9ca4-955dbeb92701,otHPg3bUOMK,2025,CDSqj7KJzrLGn
d18a4ed9-eb5c-4e43-9c2c-746b3487fb96,Hassie.Kuphal84@gmail.com,2025,false
e54b8cf8-d061-4a6b-adbb-9faa2d933e51,Nasir_Gutkowski@yahoo.com,2024,true
2d84fad5-2237-4e3c-a9d3-e7bdd7b70bd1,Vena.Hagenes@hotmail.com,2025,true
234441bc-910a-4b3d-91bf-73e2d4e102c3,Mathilde_Orn0@yahoo.com,2024,LutTqo4M7LTwS
4c69b8df-0527-42ec-8538-569f596f90cf,Crystel.Weissnat@hotmail.com,dG7fFc9NIYzIZ1Q8,false
65b3f199-37aa-4deb-abf9-6921a6167b19,Marion_Kovacek@yahoo.com,2025,true
MYjl36b,Antonina_Bradtke@gmail.com,2023,false
3cc83bba-3ccc-49b1-a0b0-0277b1b6a418,Dorris57@yahoo.com,2023,true
e429ef6b-3848-4c52-846d-eb440eb97447,Emmie.Strosin@gmail.com,O2eC80JZd6DUstac,false
2c0b0866-3e43-4d16-81c0-7eb328857ccb,Anibal.Effertz@yahoo.com,2025,true
2ff1798b-7250-4e0f-883b-ba820c964732,Amparo.Turcotte50@yahoo.com,2024,false
39cc9b59-f296-44ca-a5c3-ba91b0559242,Humberto_Stehr50@yahoo.com,2024,false
7c7cfd7c-b626-48ec-a745-559ab645196c,Janessa_Von-Watsica80@yahoo.com,2023,true
182707c6-a48f-4b61-8671-94487d4ca982,Wilburn50@gmail.com,iatL8L5RJM9Xe3tL,false
42bcda1d-dc99-47b8-b642-28adaa0a78ce,Dedric_Predovic@hotmail.com,sYzYbQ6RgRluJ0Bc,true
31eLlaC,Madelyn.Kuhn47@gmail.com,2024,3Y35uXT2sQVMT
b24075eb-5d70-4a34-9ee0-b842569d8320,Angus_Beer@gmail.com,2023,false
e5da5e82-5d8b-4d27-be40-4b2898dc2e8a,Dorothea31@yahoo.com,JbjxOgESMSHeywAl,true
ec579ae7-d79b-4c22-8a87-0b4af11bcc2a,Antonette_Hudson95@hotmail.com,2023,ce5U4cy0dK1sx
0539c2cd-4a14-44bb-bc33-a51a1a851bbc,Murphy51@hotmail.com,2024,true
4f11d248-8e31-493b-801d-f18448f63c0a,Gabrielle83@gmail.com,2024,GERanCG3iVB81
c818652b-80ad-467a-942b-3855b9d82c40,FCeWhx4O5xW,2024,false
3819283d-22d5-4cdf-94ad-ae423747516b,Myrna_Hamill68@yahoo.com,2025,false
5a2b40a0-220e-46ac-8757-d7352186627e,Sadye19@yahoo.com,2024,false
ccb35f3f-22a5-42f1-9996-1752fc8b8009,Melany_Haag@gmail.com,IAYlrkTiUhqYH6IE,false
3f45122e-be42-491a-ac6f-5db269f576f6,Ole.Pollich42@hotmail.com,2024,false
00e93b69-fbcd-4720-ac37-9be3eb8b76d5,Juanita52@yahoo.com,2024,false
4b21180d-ace4-4cdb-9e93-7c29713edc8d,Orie29@hotmail.com,2025,5bgqGD9obQq2P
9c0fc83c-0f5f-4299-aef3-e775d812cb0f,Caden_Okuneva0@hotmail.com,2024,true
4e41e34d-946c-4a5c-baf1-c3d9332c8b09,Fletcher18@hotmail.com,2025,false
d24182a9-3d11-48cd-bbaf-b923867f6418,Brody_Bogan13@hotmail.com,2024,PpqT7CoidNE2X
0bb0d45f-401b-4e1c-a67e-f88f0c13a1e2,Nick_Romaguera55@gmail.com,2024,true
64cc706b-ae97-4d3b-8f08-f64b2719b37b,Herman_Daugherty88@hotmail.com,2025,false
94f2cb0e-b6b8-4bdf-af34-ca8a660ee724,Lucio_Torphy-Dietrich46@yahoo.com,2024,false
18411654-6b64-4ac5-90f8-edd56745908b,Taylor72@gmail.com,2025,true
rME9ZNe,Elda76@yahoo.com,2024,true
a905e211-a8a2-40b1-91d0-822bb01c6b50,Otto.Abshire@yahoo.com,2025,true
c023c7a0-b596-4e00-86ff-25bf3f7276dd,l8f6re2hriY,2024,true
15d0cc8f-dd13-44c2-8f50-0d34dce5b113,Hobart_Shields12@gmail.com,2025,false
e9998225-5122-4180-81f9-803b1c3de4b8,Ozella60@yahoo.com,2024,true
068c8919-7965-400c-a168-ff734a3e9b66,Marjolaine92@gmail.com,2024,false
b445056d-6e12-446a-8d2c-f0c515784ce0,Alanis.Roob@hotmail.com,2024,false
c7b2d572-1353-42d1-832b-82a2a22f4761,Carmella.Ward@gmail.com,2024,false
68f3d84e-93ef-4a0b-9b49-b67bbc9c7871,Jarvis62@yahoo.com,2024,true
a18d4063-7b39-49f5-a686-7d98f7db586f,Agustina.Murazik29@hotmail.com,2025,false
b2912705-6014-4da7-873d-13c2cdc2a341,Gerda.Hodkiewicz@yahoo.com,2024,false
1e023cff-b518-427d-b02a-8056bbea4aa0,Carolina40@yahoo.com,2025,true
2171b75d-03b7-4a6b-9f09-f9e861bc1358,Hanna_Doyle@hotmail.com,2023,true
5368b837-c79d-4a61-ab35-b27e84e389e1,Jairo.Quitzon19@hotmail.com,2024,true
b354376d-784d-4abb-9f2a-bb9ab1747759,Chauncey_Sporer@gmail.com,2023,true
9d497e0f-0f78-4759-8ffc-3eb859bcdec6,0b2oJv7IsmR,2024,true
910f905b-9ccc-4de6-9b91-aa7e8eadf609,Marcelino.Gibson-Johns@hotmail.com,2024,true
XH2FgYl,Hal.Morissette@gmail.com,2023,5MoBMvGBfuWrR
2833e699-e67f-40f2-ad1f-8885af66f5a2,Lera10@gmail.com,2025,true
45889202-cb77-44c0-b194-16f659b94d4a,Gus28@hotmail.com,mSZyiMMOZABOTB7l,true
3b085dbc-7ef8-4ab8-939d-6923ef637e95,Jarret.Stracke39@gmail.com,2025,true
dadc9be4-f6dc-4386-9272-d7f8dedb8213,Uriah_Boyer@gmail.com,2023,true
iqJKY6f,Mathilde_Stiedemann@hotmail.com,2024,true
2e5c797f-7b66-423e-a3ae-302bbe080c37,Devon84@hotmail.com,2025,false
651ba1b7-58da-4483-a09c-72602d9b95c7,Jonathan_Gleason@hotmail.com,2024,true
603b722b-dc13-4b45-a938-923effc829b0,Darian_Hickle@hotmail.com,2024,true
7807d4d8-50f4-4e6e-ab2e-35e8c1310c35,Orrin0@gmail.com,2025,zZ2AGdCW0sgku
cb776d31-439f-44db-8af5-9045c2773627,Rafaela99@yahoo.com,2025,true
fcbf0924-7dd3-44a7-a095-e2780c5855e9,7x3rx9GGs53,2023,false
Z0LG1u3,Angelina_Larkin@yahoo.com,2025,true
cksy0xd,95LeKIesd5f,2025,QvgZoIuSwLW4g
KmnIQXd,Lempi.Beatty@hotmail.com,2024,Vopr1r3JRWA7s
faf508fd-2961-49f7-b758-d062bf3f5aab,Keshaun.Conn@gmail.com,y4Y5BpSmbXQAoaeT,false
10aecbaf-b891-4715-8dda-a6462a123d51,Kurtis72@hotmail.com,2025,false
ab317b17-c2ee-40c7-9212-417cb8d6cb46,Sabrina.Beer6@gmail.com,UOyjngBcUbEWUY8x,false
c6717311-a93b-4c2e-90af-b3f8d3cfbd19,Jaquan.Rosenbaum@yahoo.com,2024,true
cf948d43-4767-4ab5-8a5b-b6620e477cd7,Darlene.Halvorson48@hotmail.com,2023,true
j5lkfEg,Boris0@yahoo.com,2023,S8zMTyiNupLoW
238a9786-845e-45cb-b074-389d3bf7f2dc,Grady28@yahoo.com,2023,false
6bdeeb11-888f-473a-99f8-6e60a00035b2,Alexandrine97@yahoo.com,2024,false
378969f0-0a9c-4c2e-82b8-b64a53b38d0c,Turner.Fahey48@gmail.com,2023,true
78add77a-8a57-4168-888a-38309986b4c8,Thea73@gmail.com,2024,true
a273178f-5f55-4907-b927-fd3794bcf57f,Reuben74@gmail.com,2024,true
6c488ee7-7fba-4802-b6c1-9f07ecad8047,aQzQZ4ZqPtF,2024,false
72a8af79-72c8-411d-a43e-d6bebc1dd23c,Jaydon10@yahoo.com,2023,false
06565b54-1963-4b74-a25e-6b0c23e81b94,Nola40@gmail.com,2025,true
91662aa5-a3ca-49cb-973c-5f4294cb146e,Freeman.Prosacco@gmail.com,2024,false
BfcapTD,Lyla_Gibson@yahoo.com,2025,true
c19eb0e4-236c-4673-b17d-f596f51f9da6,Kareem87@hotmail.com,2024,false
eikvLGg,Linwood.Schulist86@gmail.com,2024,true
9bf0532c-eb84-4fe8-996d-45fcd6c94e08,Edmund_Skiles@gmail.com,2024,true
2a2287c2-933b-4660-a577-84c9e10ee19f,Gudrun70@hotmail.com,2023,false
62b5375b-e6c4-4eaa-a4a5-546ae50fe2d7,gBI0cc3FqUy,2024,false
9fcb3211-e1d9-4e29-88b5-b371a3baf64a,Berta_Murray@gmail.com,2024,false
xb7xzBR,Eladio6@yahoo.com,2025,true
072a976b-1ac8-47df-ae12-00414f938706,Noe_Lueilwitz88@gmail.com,DtJ68uv2KKymNkp6,true
4253eb3a-b086-4b73-9fe2-1e16c8275429,Johnpaul_Macejkovic@gmail.com,2024,true
b3e2cec6-07af-41ec-8368-f018872212d3,Kaley80@yahoo.com,2025,false
af5e70a5-40d5-4678-8c40-2bce9dcfc3e8,Felicity5@hotmail.com,2024,false
d1728dc4-9f98-49e4-a903-a64b8ff96436,Rick91@gmail.com,OPAvFl3J1Zis2TNh,false
2039c4ee-6062-452c-8681-ff0f951f1a81,Travis_Bechtelar70@yahoo.com,2023,ddcT2jRQfgkxs
Nld3n92,Kiana_Fay@hotmail.com,2024,true
PSlptz2,Nicholas.Hickle42@yahoo.com,2025,false
37ac7082-9f4f-44f2-a93b-c2ffed0da38f,Mack33@gmail.com,FW3e8VYeS2YMdfIK,true
9558e70b-0c24-419f-b115-9f1de2075a20,Providenci25@hotmail.com,2025,false
3e77b069-6c05-41fc-84ec-b4d3ebdd735f,Dorothea.Schamberger@hotmail.com,2024,true
cc10ddb6-7268-4d87-bed7-da956ea8d21c,Arne17@gmail.com,2024,6yovgYceuPgBR
83db67f9-debc-4898-889a-9e042383a7f4,Price.Kuvalis@gmail.com,wvaPz2E4TuNBnwtg,true
d44UI5M,Keyon_Stehr55@yahoo.com,2023,false
940f9336-8f6a-4882-9d23-0a8da2f5d2f3,Lacey.Hermann47@yahoo.com,2024,true
62979eb4-d7af-4e8c-9781-fe5b3611d9ff,Ben_Raynor5@gmail.com,r36VfYoVdvFxJx2i,true
3c07f177-253b-4fcd-84c8-f040a27ea4f2,Natalie.Schiller43@hotmail.com,2025,true
e08117b8-157e-4949-9c3c-c9b4beae5957,Carlotta.Upton@gmail.com,2024,false
42f33549-d134-4781-a1d0-7e32ce6a0d27,Waylon_Thiel@yahoo.com,2025,false
bfd5e31f-f809-416a-96af-efd186f4fd94,Sherwood_Auer@gmail.com,2024,false
db593e56-7b0b-485a-9788-afe406dd1e9f,Keon5@yahoo.com,2025,true
d49b741c-5613-4a9a-9a88-0bdfe0a258b7,Keely.Doyle99@hotmail.com,2024,false
1b910d20-335f-4968-abfd-a52ab556e6e8,Moriah13@gmail.com,2024,true
3e1faa9b-8aad-4a7d-8e9a-251c3a9fc9dc,ZotbjG2FZxs,2024,true
37fc03b4-cd3a-4020-bb2b-d8349f2ff381,Darwin.Schiller27@gmail.com,2024,true
00f3965a-6954-493a-89c8-a7c4f7d2fe59,Efren75@gmail.com,2024,true
6095896a-ce63-46e7-be1f-bfaa637da44d,Kiana.Dicki89@hotmail.com,2023,true
181d0c45-d650-4554-8359-7d1f08baf67f,Guido.Wunsch@hotmail.com,2024,4uJSen91LPlLn
016ae3f7-b989-42f0-9453-48219ec4e861,Javonte.Hickle@yahoo.com,2023,false
99a2222a-a85a-44d7-adc8-1cba8b5796c1,Laron7@yahoo.com,2024,true
700f0c2f-2cd4-45ca-b4ea-74c16e99ea1a,Kamron_Grant54@gmail.com,2024,false
DCLKuiQ,Beth.Pacocha@yahoo.com,2024,true
14affed4-2f6e-4783-9db8-1909d3ef9eb1,Chloe.Rice88@gmail.com,2023,PkcPeyvmQRXaQ
d24ee2c5-3273-4976-8839-c2362b163bee,Lera.Zemlak@gmail.com,AP9cjJQMMuMNDVm3,false
b5bb37f1-cd13-4b46-8fe1-3fac08590ba9,Cleo_Rowe67@gmail.com,2025,true
cca62286-0aaf-4c50-a2b6-aefe06c9dfed,Emma.Lakin@yahoo.com,2023,false
d491ea09-3917-4d9b-aa12-f4fce4cdcbd5,Cheyanne_Steuber59@hotmail.com,2024,true
d380805f-dd7d-4506-8781-bba2b2b9eb7f,jVX9hwlH07v,2024,false
bb4d3d2a-5f04-40ba-9f72-bc99ecf8e5e9,Imelda43@gmail.com,2024,false
83c80c0c-5016-4191-93e6-2263d8a86010,h4H0gzpS1Vr,2024,true
9f2729a4-4624-45ea-8f4b-6f540f4203dc,9engXRdvJfR,RpvVMIISWjevlfiV,false
e3f1a00a-3258-4c0d-9f65-16462ea491ed,Paula.Lesch94@hotmail.com,2024,false
35006e78-e647-4845-ab1b-eb42f6ddcc1a,Itzel93@hotmail.com,2024,sEL369Bx2LX1y
c32c69e9-ab87-494a-8d1a-351b258f3e9e,Nathanael.Powlowski@yahoo.com,2024,false
SZmVTZc,Colin65@gmail.com,2024,wpXZrzg3U1xfj
769f0e50-cb55-4cf5-b8d1-2dd26c54347c,ghFiSNXNuSF,2023,false
cf5ea47e-8a04-4ab1-bb7a-6c363dae1cba,Isadore.Daniel@gmail.com,2024,false
a8afdf88-b94e-4065-a8c0-c108407a33ee,Simeon_Paucek69@hotmail.com,2024,false
283b8fe0-760d-4cb8-8494-c7357948e7f8,Katelynn.Effertz@gmail.com,2024,true
7e53f5ce-5dd3-4146-a5af-ac1f2a9ecd33,rRUO9QtT7sr,2024,true
ABGnDS1,Willard_Gerhold@gmail.com,2025,true
5TVTJpp,Freida_Schmeler5@yahoo.com,2025,AhV7DW02eaKQ8
9cf506fb-aac1-4eae-9729-2291aca2cde4,Ryleigh84@yahoo.com,sVrHwTb9WCudeZa6,true
oHLcWlW,Oma.McClure@yahoo.com,2024,true
3oL6qip,7aOj0iz7W1T,2024,false
d0ba047c-6881-44a5-aa70-16cf9b9fc59f,Domenick.Rau86@hotmail.com,2024,true
ad281ff9-18ce-40b4-a118-588b42f960df,Wendy78@yahoo.com,wHqDhn8y9EtW0BmG,true
b4493b54-17cf-455d-bb3a-99064fe56ec7,Sophie54@gmail.com,2024,yonH3pX9A3Lyc
3dc95b56-f128-4b2a-928f-52d80ad7e64c,Fatima.Larkin@gmail.com,2023,false
35eb5059-48dd-4bcc-b53e-415992b19fff,eskJd4ToPNu,2024,true
irwCj4W,Jessica67@hotmail.com,2024,false
b89c3462-24d4-4d5f-9486-e2cd6233170e,Richard.Bode@hotmail.com,2023,true
220b7b9e-0a21-4e57-b67c-464642a2e5d4,Joany.Swaniawski@yahoo.com,2024,true
3c3fea3f-8205-47c3-a783-290d2720b6da,Bertha84@gmail.com,2024,true
oDR4nCf,6VQTNLeVzH9,2024,false
8e30e335-f3a0-4723-994c-80cb46e11acd,Esther.Johnson@hotmail.com,2023,zCSeGlBv9ZfrW
20f90ed8-b80a-4302-8d86-356ea010657d,Domenica.Morissette27@gmail.com,2025,true
s0rpYJn,Julia_Koch35@hotmail.com,2024,false
04974efe-1586-4f21-b7e4-b6d852cacdee,Fred.Renner@gmail.com,2024,true
2d760379-f5f7-408d-bcff-1090c2c5f814,Maxime.McKenzie52@hotmail.com,2024,false
b8ab229e-ba0f-43e4-9bb7-3e05257402f5,Donald.Harris64@gmail.com,2024,true
75b14a94-98c4-48af-a646-312f9538b84b,Lucas.Hermann@gmail.com,2025,PgHVbizCIpDaD
b5e14b05-d529-4234-9412-5bd504a29a57,Nikko_Rowe33@hotmail.com,33tdgzUF1Lv9LKzL,true
77681a86-7708-4ac0-b4d0-09097566c619,Vincenza_Muller12@yahoo.com,2024,true
a048f209-d2df-4c8a-ac56-a27235997bd7,Korey.Rice@yahoo.com,2025,v3KczfvN65n8t
d0BqWTY,Helmer_Corwin23@yahoo.com,2023,false
88cd9029-f511-42a4-a4f7-1cc0c3d09ec8,ogczjcgPe1e,2024,false
2d7fa597-524e-4bce-b89d-2f61b738dd0b,Lorenz_Hagenes@hotmail.com,2025,true
44c43623-102c-4cda-b808-f817ae2d8a8b,Burley90@hotmail.com,2025,false
9a57fe06-bbf2-48c9-b20d-e7f9b813f36d,Gerry_Dietrich@gmail.com,2025,false
PgoxHFI,Earlene27@yahoo.com,2024,true
80fea45b-1591-4e9b-89c0-8c8992ad6798,Tod.Carroll@gmail.com,Whxo4EnmvIzHGGHZ,false
cbf6ee4b-98e4-4c94-962f-ea7f7a7accd0,Lucy_Anderson@yahoo.com,2024,false
c9551e0d-2040-4532-b3b5-0abf16229592,Eladio_Koss@hotmail.com,2025,false
7d8400c7-7b6e-4edb-8d0a-cc8c8a7f0bed,Yessenia.Hartmann@gmail.com,2025,7gl5EkeNFsuNg
ifaoIpo,Lr0hYzwlZZt,2023,false
a7212217-b545-4727-98eb-c78579ec3e56,Max_Jaskolski@gmail.com,2024,true
f70c2b8c-ebfa-471a-afe6-1fd653ca5491,Ahmad61@gmail.com,2025,false
c8aa6d93-2ffc-49e5-b8f8-3d26c1484d67,H3DnobEgFEr,2025,false
a51faf4c-2b37-45dc-a6bf-8d93aababdd6,Jan23@yahoo.com,2024,true
0e92f1b0-7bbe-4176-ad8a-335677496c2b,Margret.Reilly@yahoo.com,2024,true
44c43d32-6a63-43f9-805f-0a25153a738c,AwVscrWK3dh,2025,true
da844297-da23-4bb9-94b3-afcbca3f13c8,Jerrod.Trantow@hotmail.com,FhPrR34KuflqRUO2,true
a987fd7f-529d-4a48-bd26-ed3454a7410f,Kurt16@gmail.com,jZ0TmVE2OwnwgVJn,false
1bdbd961-6d82-453f-afc0-a4be4b057d3f,Stephany_Lubowitz20@yahoo.com,2024,false
7ff04a44-0641-4d57-82d9-277b3e5dbfbc,Ericka.Renner68@hotmail.com,2024,false
a720d885-4bb8-46d9-8cbe-632b2e435121,Stella47@gmail.com,I1dbkkAFcWqyx4SB,false
a590fb0f-85dd-4661-9940-883b8b33dcd4,Crystal.Stiedemann26@hotmail.com,8hj3ZpbMe98H3Kmi,false
6781c6b6-702e-475a-bca4-390bca902b91,Jean15@hotmail.com,2025,false
aYqmQoT,Domenico_Schmidt@hotmail.com,HJsygvPhagYBix4Q,false
d5adb023-0203-4711-90d2-8d8ec2fc6c1a,Willy_Botsford@yahoo.com,2024,false
749215f1-b099-41bf-84ce-df274ccf97b1,Ernestina.Murray@hotmail.com,2024,false
61308031-bb36-417c-a50e-d8d68e6c46f3,Aimee58@yahoo.com,2025,false
725403b7-edb0-4222-9ec2-e81142b4192e,Boyd_Hartmann70@gmail.com,2025,true
6a9efc28-fc27-4c4d-9787-56d3eac9f14d,Coty.King30@gmail.com,dGS72vGgsGEZsBl9,true
716d71fd-e45b-46f3-ad33-d6c641e7cf37,Ephraim.Considine96@gmail.com,2024,true
631776f7-6834-4ff7-a898-14d0aad6793e,Mina.Hoeger4@gmail.com,2023,beWkv2TKiWF0p
765bac92-5d4c-45d4-96fc-3836f132c26b,Hassie61@gmail.com,2025,false
6fd0f408-6959-464d-b9bb-e681cb41a841,Hadley_Bogisich3@yahoo.com,2025,r7khzCusQjRnR
54270a08-ef7a-4e5f-9153-10df37fc2d74,Sabryna_Thompson23@gmail.com,2024,false
5hMEtXQ,Pinkie24@yahoo.com,2024,true
ef1b5720-0234-4532-b81f-32b50a912d40,EkvWi8whaOi,yLML7uwklXLQY8DS,true
7956465d-a6bb-44be-9491-56dbcf4ac6a6,Robert.Bechtelar@yahoo.com,2024,true
66a3bdd7-e592-4c67-ab41-9e6a3ca38eee,Sylvan_Gislason22@gmail.com,2024,false
cd1d1173-0a63-4437-8d59-6b9013ef62db,Makenna.Leuschke94@gmail.com,2025,false
bPsRezg,Esperanza.Dickens19@yahoo.com,2024,dEiqxAvdtt7N8
b8d00ad3-823e-4d5e-b4a7-af4358a84591,Denis_Stehr@hotmail.com,2025,true
bvghw3m,Brandy21@yahoo.com,2024,false
c5295091-c714-4e50-96e0-202f3017c1ec,Troy.Bashirian@hotmail.com,2024,false
166fd14c-8021-4556-9e75-641181a78999,Barney.Muller@hotmail.com,2025,true
acd53978-6c88-489c-8bc1-a4d6d22cf785,Marisa0@hotmail.com,2025,false
65fc023e-6858-4626-a57c-6bb9dbe7b560,Nakia81@gmail.com,dvdyB5IJ2wqPddg7,false
4c694e18-bc52-42a3-a00d-b741af579153,Raymond3@yahoo.com,o7oaWURoqs6qf2VD,wrd8r49yoDpDx
f6fEEql,Cyrus82@gmail.com,2024,false
dfacc89a-4d26-4275-809e-2a8930fb389a,Gunner_Powlowski@gmail.com,2024,true
f5cea50f-2bf2-4adb-95ff-6c880187a915,Mary.Ratke0@yahoo.com,8FH1V8aGRJRlm5rn,false
dd6baccd-17d8-43ea-801b-fe00d8757d4e,GHPYtHRDS8p,biO64A28D1VtWWqI,true
95e97c4a-001c-4732-9f03-9a64ef454144,Yolanda95@yahoo.com,2024,false
cdac157b-d75e-4a19-956f-9be6f2c12bbc,Garnet_Senger@hotmail.com,2024,true
bad2ec7e-dabb-4f7e-a435-e40240e6fb78,Gerhard_Senger@gmail.com,2024,false
fb4d69c4-53e2-4795-8bb7-62c1a9053f51,Alanna.Anderson21@hotmail.com,nbYmVtsvXdRRjtXr,2T87x7bQxsb3K
506dac19-78ad-4d70-9f24-0d8d957706a3,Oran_Reynolds2@hotmail.com,2024,false
76199a7f-8705-47a4-b72d-815cfd9e17cf,VPVt1WbUWwX,2025,false
a9912887-205c-4f7e-a644-92cebe62f256,Gladys81@gmail.com,2024,true
b5bdeecf-1023-42d2-805d-0b8b0fd9ada0,Ken_Schulist@hotmail.com,2025,false
17c71709-0dca-41e3-ab1b-f486c691ab8d,Gerard.Funk10@hotmail.com,2024,false
3d57b08b-f239-43e0-9ae5-4b8fea4cd86a,Margarita.Parker@hotmail.com,2024,FH1JbjykfO7qh
5a665bcf-5b23-4f7c-998b-77364ac70012,lRYu4EepCj5,1AFPWh6MTxPGVGEc,true
4a31cc3f-eedc-43df-9c8e-5e3f4476dfb8,Dixie37@hotmail.com,2024,t1p6866DLLpUL
a2d9d07f-40e7-4bca-a3d9-9381ca1ea33b,kobJj2Kgh4k,2025,true
gALTkYt,Aniya80@hotmail.com,2024,true
8c009041-3ed7-4db7-a42a-6e3688f83082,Emile_Rodriguez36@yahoo.com,2024,oAW1AJJHIwRWD
fcec103b-e988-4d91-a63b-177e3d189f61,Edythe.Zboncak69@yahoo.com,Y587vnI30xpRRbCc,false
e0f375f8-3429-4387-9e48-179e69d7cf25,Fausto23@yahoo.com,2025,false
e19e0d9a-480b-4311-aa74-30f3b7e30ac8,Wilfred_Heaney29@hotmail.com,v1cjhWerop0euxKU,mfnZpcjVPfDkU
c028bb04-7b5d-4548-a098-2c2e989fb846,Elena40@yahoo.com,2024,false
zXF7xU6,Ross.Lehner@yahoo.com,2024,true
YQpICOW,Hardy_Lebsack@yahoo.com,2025,false
47bfcaeb-e3c6-4cec-b215-b73f9cecd233,Emilio_Lind64@yahoo.com,2024,Y8pmGe2QGUDp6
2a77a7bb-5814-4193-8cb3-53b9c9846c79,9YRD8CUTLeB,2025,true
d2558e2b-de04-4687-ab77-24d47511dfd8,dIdgoPI5LOb,2025,false
845fcaf7-d2dc-4e19-9990-360d38b1a256,ZujA9woghpV,2025,true
7bb176e5-6d06-4625-a21d-a9953e127bef,Coleman.Murphy-Walter@hotmail.com,2025,false
22cbbbce-bd0a-4555-8e7c-5a10fa63b492,Darlene_Rempel-Swift24@hotmail.com,2025,true
09bc2aee-f3bb-4ffa-814c-5dfece5ccb0f,Jerrold_Dibbert5@hotmail.com,2024,false
2e4219e4-e110-4661-b7a7-b97e0a8b9ebb,gaOJI4bYsrx,2025,true
e7b015cc-1028-4522-9431-3b70a21fc6ff,Chaya_Lehner24@gmail.com,2025,wAJOECGfHigZZ
e71e6d62-238f-4b84-933b-df460205ba79,Dakota_West@hotmail.com,SWrFVBOQGJc4zsIR,false
78b8b7bb-46cc-4d98-a1bb-fe778ff080d1,Blake67@yahoo.com,2025,true
LlgXziy,Breanne58@gmail.com,2024,false
40b40850-a6d6-4855-8057-518e71e1fa41,Merlin_Rolfson@yahoo.com,2024,false
30692566-0565-4153-9649-dca084b44d42,Cecil50@yahoo.com,2025,true
R5zAnv6,xBrVoe1kzTv,2024,false
1006c9d2-9a95-49e5-a2fe-63dd40730d90,ICwGgFyADLs,2023,true
df424ecc-90a6-4534-bf68-38d9fb7ce88e,Carli_OKeefe6@yahoo.com,2024,true
b70c5a7e-64d3-423f-aa87-c82fa9b308f0,Daniella27@gmail.com,2024,true
TvWC84M,Cielo40@gmail.com,2023,false
2hXXDIX,Rosemarie_Grant37@yahoo.com,dEA0SMqbLVZ4coX6,true
433259f8-163e-4fb4-9c8b-78f96c88f7dc,Lamont.Reichert46@hotmail.com,2024,true
ca0e9927-bacf-4b1b-a2a7-e82520cd5b87,Haley_Beatty7@hotmail.com,2025,true
39ffbf67-93a6-49de-92aa-3e27316a5a89,VbXgMe4UA90,2025,true
BuqtIhg,Saige.White92@yahoo.com,SYs836DVIO5iN0JM,false
5963ee8f-93f2-4f32-a6cf-bb79a9499cb1,1UfOvbPLHtK,2024,false
b2c6b6d8-4dd4-4d45-ba31-3ce74b9e6432,Deshaun.Buckridge-Mann@yahoo.com,2023,true
8e2389b4-ad3b-4fda-bc91-114c65d64b01,Anastasia46@hotmail.com,2025,true
36f1e1a2-e99d-4df6-bd01-c84b8b3bb311,Casandra90@hotmail.com,2024,false
c4dad249-a06e-4153-a736-3fb71b7709e4,Linnea.McLaughlin54@yahoo.com,2024,true
a2bb5e57-964f-4a48-817d-bce19d814523,Lolita_Hahn-Gottlieb@yahoo.com,k2nzA9iSQJRTtzdP,false
576deb69-f0c5-48e4-b7f4-14fd3d1c7a02,Randal.Towne82@yahoo.com,2025,otjJo2AOiIbAf
f5180107-20e3-4001-bae4-c72d9d1bd244,Dedrick21@gmail.com,2024,false
333b47c0-3b70-4fb1-9b82-ab5292bcaedb,Sylvia.Jacobson-Jacobi@gmail.com,2024,false
kTYTy11,Rodrick.Dare@gmail.com,2024,true
fvDvLcL,Dominic11@hotmail.com,2023,gGepmOSLjCfjo
7cf7ea04-8c68-4159-897a-e5e44d3ef478,Allan59@hotmail.com,2024,true
4994e55f-bc09-46e0-98d5-fe631b03ffa4,Myriam63@gmail.com,2023,true
97f5f3bc-c646-4ef7-a8f7-40efa92e9d39,Rhoda.Nicolas67@hotmail.com,2024,true
9f9e783b-dfa7-4c93-9b5e-3203579b55a3,Gerson.Hartmann99@gmail.com,2025,false
30221f8e-52d7-4626-93d9-c9a3c1a71725,Maggie_Hettinger@gmail.com,2023,true
2bd99896-9480-436a-97fb-1962242dd6c0,Janet12@gmail.com,2023,true
f95c5a19-3ea5-4893-b0a5-5b1bd59faf8f,Frederik46@hotmail.com,2025,false
71756e75-14fc-4da8-9c4d-003f6d53be04,Shane33@gmail.com,2023,true
cf7bdddd-1faf-49f0-b7b3-b3a1affcbefa,Telly_Nitzsche21@gmail.com,2024,false
8f0cc55b-c92b-4f48-abca-f9e326d3b3d8,QOXNOSy0z38,2024,false
8bfdd29a-37e5-4834-a9b8-9446f621feb1,lOujZBlCLuy,2023,true
0572fcd0-2e1d-415e-a4d4-7b453ae86ea0,X2KnsFGc3MY,2025,kwuuu3GAbv9nB
4f0724fd-a07b-4185-bba9-42f8aa0f81d8,Geraldine_Rippin@hotmail.com,2023,true
2656229d-b880-4254-b5c2-812640682dee,Mariah.Hodkiewicz@hotmail.com,2025,false
8d047d80-76dd-4af8-84a4-c55a011ff896,Ewell.OConner43@gmail.com,2023,true
2ff465d4-22ad-46df-b682-8b303d9e8b76,German_Rohan12@yahoo.com,2023,true
38edd089-f0fb-41fc-9e19-34fd9becd23e,Lexi.Bauch@yahoo.com,2024,false
c4539e45-2af2-42d2-a59c-4e2b3fff7eee,Destin18@gmail.com,2023,Rmc9EgN0dhbZZ
af5eaf27-7c18-460b-8f3b-287166fce511,Dante_Durgan94@hotmail.com,2024,true
39c25736-2eff-478c-ae98-18a7dddf0f6a,Orlando_Johnson@hotmail.com,N0UK1yGKmcsd12sk,true
5e75badb-0ae0-4902-be75-8765009e17ce,June.Kertzmann@gmail.com,2023,zPNCHDGU7pR53
k9csmeS,Andre45@yahoo.com,2023,false
76d2441c-9ad2-4721-9f36-be851684e3bf,pGO8w56pCM1,2024,false
56e00263-b406-41a8-a7df-7dc8f5c8f197,Maci.Rolfson27@hotmail.com,2024,true
aba9466f-e693-4229-b2cc-2f3dc9abd9eb,Margot84@hotmail.com,2023,false
OgzNSV0,Monte.Bernhard@hotmail.com,2025,true
FlrQIFi,Randal_Gutkowski35@gmail.com,2024,true
b9fb19c6-1f39-4ce2-9c47-c9ef40ba016a,Jessy63@gmail.com,2024,true
3439f68b-b10e-4661-89b0-995413670095,Emmitt21@gmail.com,2023,izZmnS6gKFsQ8
e0ca6ae8-0081-4b7c-8df6-656cdad6b658,Porter_Dickinson-Pouros57@gmail.com,2023,false
050cbfe3-aadd-4856-995a-c8c5b31c4e4e,Shemar_Bosco@hotmail.com,2025,false
a90defe3-cc3e-49be-8dbf-c5c3d1c71232,Stephania19@gmail.com,2025,false
95368f36-6a47-4b64-aaf4-ca32542118e8,Clarissa70@yahoo.com,2023,0u6Ztn8LmNhzx
fb1bdc61-670a-4674-8c77-a0f76d74dd5f,Frederik84@gmail.com,GlcDoXHhvnVJ5Vv1,kqrzPjHHfkK42
3852ddb6-1c5a-44db-b81b-84f0fa3cea90,Joey_Rolfson80@yahoo.com,2024,true
15e4f193-f375-4fe1-a25f-03a7d68593c2,Bella_Parisian30@gmail.com,2024,false
d2077a1a-781d-4d6e-82c5-7e508e7d74b0,Maddison.Jenkins35@hotmail.com,2023,true
47bd2c6a-de3f-482b-b71a-870a5c31e3d3,Walton_OConnell40@gmail.com,2023,true
8b55df3d-d773-4764-88c8-2a2916bfdf12,Allene_Abshire@hotmail.com,2023,false
fdf0612a-61ef-4411-a993-cd78a63cb666,Jarrod_Langworth@hotmail.com,2025,hUItL5dJpVz5q
98155531-4431-468d-99b2-df553757c147,Gail_Koss4@yahoo.com,2023,false
779db96d-18e6-4d27-8f37-585751515152,Samson_Goyette30@yahoo.com,2025,false
3683a888-9568-4a2c-a6bb-702daa0f3967,Gia54@hotmail.com,2024,true
6762d751-a457-490b-8298-c49c15315f55,Karine.Roberts@hotmail.com,2024,true
67f89fc1-0b88-43fb-8d23-c62a47f0f597,Winnifred81@gmail.com,2024,true
d9aaf1cc-a65e-4542-a595-3e22e89053e4,pzQQbUYO66K,2024,1dzXiaMBsJ26U
f196caf6-2f80-48b0-a562-25748ce1c05b,Holly_Veum@yahoo.com,4IWvDQDBEQXpzOEI,true
acd18605-65f8-440c-a694-4065b47c98dc,Maia.Gulgowski61@gmail.com,2025,true
7fd4193f-45de-4fd4-a41f-47e26745ce95,inaZ6b3a1Mg,2025,false
57644956-5881-4d1d-acfa-cf3a5a9d5009,Darian48@yahoo.com,2025,false
c59dbf22-2778-4413-b033-89f2cd61edd9,Anne92@gmail.com,2023,WiAQ5ezP75DiG
292f01c7-8da6-4298-9d24-c1cdc0601577,Yazmin22@gmail.com,2023,false
jzpCQCV,Deondre93@gmail.com,2025,false
d0301c3d-5de1-40a1-b709-aff1a9c12ca5,Blair.Romaguera45@hotmail.com,2024,true
591aa21e-ea34-4b61-a1c4-9060e4d0b895,Noelia_Nienow@yahoo.com,2025,BDZD9RfRkF6Tt
f027101d-119e-4401-a321-08e29214ebb1,Adolf.Kessler@gmail.com,2024,quSaI6UKTcFGh
241f874c-3b23-4787-87ac-2e20d67d979c,3I3lUE7xOMm,2024,false
ce591ccc-00a0-4dec-831e-bbeb864cd989,Athena_Hackett56@gmail.com,2024,false
cdb5abc3-b459-4152-9f22-af4be3d56b7b,Melisa_Kris@gmail.com,2024,true
44392b89-1132-4696-abc5-cf90bd7beadc,Javier_Johns@yahoo.com,2025,AdxXb1MlZxHMu
a2469279-0497-4ea1-9ac7-1f4e23c3c464,Lori.Sipes51@yahoo.com,2024,true
4c5d88b4-8a3f-4db0-bc44-48d8ba666db5,Genoveva.Kerluke@gmail.com,2023,OCOGJB6uNaCim
471edee8-2d9d-4629-b3b1-0373516b2d4e,Wjc1K6NqgQL,2023,0yXWi4RUFUfcG
90c5dbba-e425-45d5-8d72-ae49e28eff3f,xxUcl2LUw5n,2023,true
f97b7Me,Judah_Donnelly37@gmail.com,2024,false
33905fcf-cd00-48b7-be8e-668a304e3bbe,Amiya_Boehm43@gmail.com,2025,true
9686fceb-c5aa-4a90-af34-fe89ba737783,RMTsYVOqQbW,2024,false
cc06423a-4745-4d09-b3e1-ab0129d71aa0,Aileen68@hotmail.com,2023,false
0f4ff9ed-5806-4037-86bb-b209b35eb074,Jessyca.Bednar39@yahoo.com,UuwJjuE6p4QnElZO,true
w89jopR,Avery48@hotmail.com,0rG58lJUpyR7as6b,true
1a9a3c20-36af-4fbe-b485-09c8ebcb7888,Dominic14@yahoo.com,uJLdJbuu0cgeB2qB,false
8e5d9ea3-7e54-469f-8477-e98f094f6d7f,Camilla52@hotmail.com,2023,false
2bb75218-e8e9-4080-82e5-bde7d39edc9c,Giovanni.Cole79@yahoo.com,2025,true
2980a449-38da-446f-aa30-d98691748d79,yup1zofgVoj,2023,false
67e45ddf-583f-4f22-8b9c-93243d608e94,Gillian.Okuneva@hotmail.com,cSV42ncCBOpSLTMo,false
otHg92g,Gladyce24@yahoo.com,2024,true
d18f950d-dab1-408a-865c-94bca02cf6ff,Trycia76@yahoo.com,2025,true
57b1d002-a395-4032-b980-a30de63114a8,Delphia.Rempel23@yahoo.com,2023,true
cbe4a3f2-c5fd-44a5-961d-dc35a01f5640,S78KD54yz1K,twAFHvIJEp7NvZOW,true
01d4191d-c442-4cfb-85d9-b96b128c12b7,Devon81@hotmail.com,2024,false
a912b084-a986-485d-a03b-c3eabdae8f09,Haskell_Metz79@yahoo.com,2024,false
e1362b7f-4f85-446e-bf92-70b806725661,Veronica61@hotmail.com,2025,false
6cd64061-8d26-4c1d-b36c-8f38f01a63f0,Brenden39@yahoo.com,2025,true
98392cb8-cf79-4b31-b04a-d5cf5c553cee,Amalia.Cremin@gmail.com,2025,false
e2d113f1-1792-4eb6-b543-56edb82d82d7,Javier_Veum58@yahoo.com,2024,true
bc9398c6-a8fd-4938-b31a-75c330a05e6f,Oma_Becker94@gmail.com,2025,false
74f50aca-3575-4c6f-a010-2e214f5442f8,Brant_Hudson@yahoo.com,2024,true
ba6c22bf-0f5c-439c-89bf-f25210b810c1,Uriel_Willms@gmail.com,2024,eRw5FVA0odEk0
Ry8mW85,Golda_Zboncak@hotmail.com,2025,true
a727ad31-4565-4fd0-a3a7-4f4b2401a0bd,Columbus79@hotmail.com,2024,true
6aec5983-f76a-4873-8170-4697ce40b5f1,Lilla19@yahoo.com,2024,true
c0d5d874-73b8-4f81-8bd0-4598ac1b332c,4BRVKoeyRlt,2024,false
da408815-11ed-4b17-b9e1-0162eafdde01,Nikki.Koss@hotmail.com,2024,false
60889b76-76a3-4c87-a80b-1f7c40fe8121,Vincenzo_Bartoletti96@yahoo.com,2024,true
bbfcc512-6124-4281-a96e-04de0757e7c6,9DlnBWqSYqE,F0rKStWfQnRYyIoB,true
b6rcfVT,Tyrique.Hagenes@hotmail.com,AQwMQB0stZbNp8vL,false
28c606d2-4a8f-4406-b256-7afd87709da0,Henry35@hotmail.com,2024,D4P7kdRrNOQuQ
3ceaf1aa-dcb1-4b84-aebf-0d8b8c594448,jNWK3WzV1GJ,2024,78vHrTble6vhH
fd32ecf9-9767-47a4-95e3-48c3afd4b54b,Jarrod.Brown33@hotmail.com,2023,false
16CNZj3,Micaela_Parker56@yahoo.com,2025,true
27e92846-93f1-46e9-8aac-986cd41d35a6,Alan.Koch@hotmail.com,2024,false
932ae44c-d93b-437e-8e68-9582713e1f57,Henri16@gmail.com,2025,true
b2c1e60b-af8b-42c2-a369-86b40f29b04c,Estel.Little-Stokes39@hotmail.com,2025,true
326fa25a-454f-4e2f-9bb1-999385274d97,Alvera32@gmail.com,2025,false
68ef1066-76f1-439f-8e18-3f12ff6d70b8,Adrian95@yahoo.com,2024,rzYxQvz6rDMlK
b4487e41-1444-4a25-8a66-92760490ddfe,Alva59@gmail.com,2024,true
khwilro,Delmer_Prohaska88@hotmail.com,2023,false
673e661a-68f2-49b0-a06f-136267883f84,Lizeth_Farrell97@yahoo.com,2023,0R8VEWF8HiFVf
38621aea-61d5-4004-837f-d00532d21858,Tania.Mante@hotmail.com,3nUibL68apxIa2ni,lqcjLsxj4UqVU
9de7486b-ab05-402f-870a-29468c99292e,Sonia73@hotmail.com,mvKHa5ipCurAmhOI,false
bbfae41b-ee74-47ee-8118-5725232f0797,Walton.Klocko19@gmail.com,2024,true
cd2d75d5-8ccb-4208-b030-189632210f72,Esteban.Harber@yahoo.com,2025,false
1f7b0ba3-8284-48e3-8ff1-72d17f9744e0,Queenie.Strosin35@yahoo.com,2024,true
41dba5fb-4bd4-4090-895d-95d238ba6e9b,Lemuel_Heaney62@hotmail.com,2023,false
f13a8001-0147-40f9-9518-8f5893e65901,jhQzluosqO2,2024,false
dc3a1711-3950-4f3b-8c60-e3b257e9716a,Rose.Harvey@yahoo.com,pXuEHpPWzrm49UpH,false
88cc45a2-51ac-4788-a729-b3265afc108b,Israel.Bosco@yahoo.com,2025,false
01381bc6-55b4-41c2-885b-78a2c8e7b983,Modesto_Borer@hotmail.com,2024,true
f3d72bb5-2efd-46dd-b493-f8f2e4e2054b,Waino.Hirthe60@yahoo.com,2023,sgbsm6IHEmtd0
7950f6bb-06d0-428c-96ef-a24fc0ebf432,Gladys_Wehner@yahoo.com,2025,true
1ffcac7f-9cbd-4d1e-a491-2962773d296f,Johnathan_Macejkovic54@gmail.com,2024,true
8ed01f66-dc0d-41d7-9698-3e3ba551def3,Javonte_Lockman11@gmail.com,0U0p245XZ99aIeiO,false
znjyqbB,B1T1EazVzCl,2024,false
4052984a-f04b-467f-9936-01fd1bbc4396,EMbnbdcfEsS,2025,SYqWk5f5IpwxD
33c5965d-5f10-4039-8912-a7127c868c36,V09U6VhnZcu,2023,true
99af44c7-a2e8-4867-8909-fb3634dac81e,Griffin.Rogahn88@hotmail.com,2024,false
4200e20d-8051-4e7b-9de0-cf5ce5ba5502,Terry67@gmail.com,2024,true
602db440-57f9-4401-92f4-591326fee8c6,Roman_Brekke39@yahoo.com,2024,voSaqYFlVHdlG
d1308d1b-e44d-4e73-b724-c1a7ecd0d861,wq5pTk9XFEq,2023,false
6JC06EY,W9YmbKoHgVS,2024,true
da32a550-f698-4478-b70f-939db68fd6e5,Denis_McLaughlin38@hotmail.com,2025,KgwqfDmfsv52V
12264cf6-d87c-4716-9039-2613d4a983ab,Scot35@yahoo.com,2025,true
BvvZqMV,Nannie18@hotmail.com,NLhfUF2DYNNaObdZ,false
85d7d577-c502-49c5-bec7-9368ad1fbb9b,Enid_Parisian@yahoo.com,2024,false
3cbbe421-a8c7-47b6-aa0c-851573fc3acc,Brionna_Casper@yahoo.com,2024,false
2d4d0438-e6be-4bb5-bc10-be896ea0f73d,Loraine.Yundt66@yahoo.com,2024,true
84f634d4-4f59-4892-a81b-7701733f5088,Samson82@hotmail.com,2023,true
dd026f26-0b74-4b9c-bed8-80e4a61a39d4,Hassie.Pagac@yahoo.com,2025,ypQdWHcsrZLL4
qixOGtp,Selena.Kassulke@gmail.com,2023,biET3CgXlt0Iv
b1462c79-5ec3-4fc1-a3a1-469d830a0556,Queen37@yahoo.com,2023,true
85aa611d-7ba5-4760-ba3d-c58233497f87,Chloe.Hermann26@hotmail.com,bwjESo1I4WY4IN01,true
a1542945-bb52-4821-993a-e88d2f227928,Joannie_Berge81@yahoo.com,2023,false
e8cd3ec8-6e13-4408-a34b-78d0410f0fdf,Soledad.Buckridge86@gmail.com,2024,false
d6dfe93d-493c-4b3a-bca6-6c8736673465,6Gx712q6hKO,2025,x653Onspt9n31
f7c8f06f-2885-40d3-9370-39058725f1f3,Koby57@gmail.com,2024,6HKlpLOVnofLf
24d9cbf8-ab62-41eb-a43a-f868842c4932,p8n8vyqipe0,ch0Nqi2HpQ58B5q5,true
uOGV5yZ,Lou95@yahoo.com,2024,true
f0646b6a-71b9-4288-ac40-959cbf39fba9,Arnaldo69@yahoo.com,2024,true
8af6a8b9-6527-4b6d-9a0e-d231e1605a0e,Margarete56@gmail.com,2024,skhrLv8YJGwtb
fdf153fe-7a91-4301-8eaa-b04f2768b5e7,Margarete_Sawayn@gmail.com,2025,true
41b5b866-3fdd-43a5-ad53-18bf816b77d6,t9avXPAk1Mq,2024,true
14a2956b-ad0f-4fd4-9409-60f674607271,Jakob.Friesen19@yahoo.com,2024,false
f033edb5-39c5-4ec4-a12b-6a2dcb1d788f,Warren.Kutch@hotmail.com,ns2o06i8ylTBEePS,ndNz6eEHF5WeV
67ea88fd-7dad-4e57-9874-27f7aff59425,Amiya84@gmail.com,2024,false
4876d51c-a934-4a0a-926e-21b1d874c8d7,Bridgette_Fay-Huel@hotmail.com,dSdR8vCEZM7anW7L,false
275993bc-7d28-45c4-91d1-315c46e00bb0,Era99@yahoo.com,2024,false
9992a432-f93c-4ca3-a14e-34edd1dd6072,Lia36@gmail.com,2024,true
yuk59e0,Gregoria_Hoppe49@gmail.com,2023,true
vqEiALR,Chad71@hotmail.com,2025,oly2NcvfLD8gX
9d9c8173-a3a1-4dc2-80ce-40d3ec846c13,Mozelle_Huels-Reichel@gmail.com,2023,true
b46f8ca7-4b40-47e7-a537-122dc898c289,Earline.Blick@gmail.com,2025,false
oLG6VKb,Leda_Gleason47@gmail.com,2025,false
c91435cf-beec-48bd-8035-917cda8a0f6d,Jed24@gmail.com,2024,false
c24e7115-e3ca-4f29-b900-c070a5685cd4,Alba_Wiza11@yahoo.com,2024,true
70204856-75a2-40eb-bfd7-e44c56a1c003,Lucile82@gmail.com,NDzeRtENfJkzog0X,true
7870f0ec-7545-4c69-8073-5b829a0af4ae,y8uMfaL5y4b,2024,false
45f72611-c149-4a89-b665-a90e6e8b6199,Kobe_Wisozk89@gmail.com,ckBfAhgyzqN1nmpj,false
d166c826-d787-4dc9-9383-d455f8d2722a,Earlene.Abshire33@gmail.com,2023,true
26ef6d7c-780e-4e5e-b071-05a3797ffa4a,Emmanuelle7@gmail.com,CjYlnrA2vvhiZg8e,false
50a509c7-c09d-49a4-98bc-0a0426f31abf,qaRdeEtxt01,2025,E0bQnDKaMF01b
8d3393b3-1ba3-4820-aac6-95043fb5e1ac,Zita36@gmail.com,2025,false
a49a6952-d22c-4689-879d-b7f767fb3446,r3x8AaS43aI,YOa34O65vUuCjdGh,false
fc056923-672e-475c-a872-e52b6ef31a95,Tabitha9@gmail.com,2023,true
OnRULHK,Chaim15@hotmail.com,2024,false
f4ce1ec1-aec0-4504-b3ac-da8ff466c583,Margaretta85@yahoo.com,2024,false
Cag6OOP,Mathias17@yahoo.com,2024,8nL8xWW2mlz1P
c7633635-79b3-4989-8ec6-69091ff3e4fa,Skylar58@gmail.com,2024,AaWDtKCExrTSa
0ccc0ee1-df2a-49e2-a109-e9606ace0ce0,Orval6@hotmail.com,ZDGhzmFGLHHzqdKz,true
f9532648-d369-4ae3-ae6a-a86af911309c,Lamont_Kling@yahoo.com,2025,true
528dab5c-ed8b-4bd3-8b1d-c4bcd8be7b17,Shyanne_Kozey@yahoo.com,2023,true
bf0464d0-a9d3-4e1b-a783-249b4e5333f2,Oswald.Reichel66@hotmail.com,TToZi6FfSTcIEXJA,true
TBPbVw6,Stewart_Hegmann-Sanford67@hotmail.com,yDDOWBGiPg8MqQQB,false
2fdb9d5e-6484-4930-b53f-ecf23ceb2fcd,Manley.Stark@yahoo.com,2024,Rz7g6uO5Rc8la
RABD2eu,5AwJlUsXOaz,2025,true
GzpTzjD,Davon91@gmail.com,2024,false
520a5b01-2a62-4e49-91fb-5dbd64aff567,Elliot_Douglas88@yahoo.com,EQz9UcITGyzneNlE,NwXoWnoB2RJmI
57b9ba9b-01ff-4fe7-bda9-3bcbb4e2cc33,Terry31@gmail.com,2024,false
fa1e6854-6fc7-44b8-b512-116924566ab6,Rolando_Leffler@hotmail.com,2024,true
5946bc27-8f2e-4251-b73e-cc9222e93a1a,Kaitlin.Dooley@hotmail.com,2023,false
d3ecab93-7d2b-48e3-ac1c-d34c90b8f92f,Tyrell_Cormier-Morar@gmail.com,2024,true
vXpDDt1,Danyka_Steuber41@gmail.com,2024,false
41a46768-90ee-4032-836c-04e4bfc666ca,Mertie_Altenwerth@yahoo.com,2024,false
d4cd696c-5476-466e-aa5b-0011abbff5f2,Sid_Stehr17@yahoo.com,2025,EHsQ7chFFCn7l
x4lCcU4,Kamren_Baumbach@gmail.com,2023,true
BPIm0zZ,Camren44@gmail.com,2023,NGiSsljL8t3Lr
40EkfVE,Myra.Gutkowski@hotmail.com,2024,false
d4287dbe-3639-49ce-8cb9-dd8e4a4ba56d,Carey_Windler53@yahoo.com,2025,true
uIpmNV8,Jordane_Wyman@gmail.com,JeDpJPluJRSezR30,false
fa27d919-6c4b-4802-ab9e-6b49c2cbcd18,Selena_Stiedemann@yahoo.com,2025,true
95015dfa-88e3-47b2-b242-e50e23ebe3b0,Heaven.Moen@gmail.com,7W3RKtmU8D2Yeax5,false
b4245426-f124-4cda-a903-72a2ddf7af51,Melisa_Langosh99@yahoo.com,2HAsEJUQuWMwZ6U5,true
46b2393f-d0f8-4d41-ac4d-e0aac6ff0d59,Yasmeen_Gutkowski61@gmail.com,2025,true
bcbbc2fc-cefb-41af-ad3d-e27a108d9b73,Cassandre_Kerluke@hotmail.com,2024,true
4fcf6fe3-4620-4a29-bcf5-1b4a122e974d,Rusty_Dickens40@hotmail.com,2024,setcuiNGbRizK
7eb873c6-5e60-49b1-8eba-9d8f6e6939b0,Courtney_Stanton26@gmail.com,EE5lGaA5r5wqjb7v,V8s4rFv0Z0Ogu
fe688776-d019-4205-80f6-146a40688e30,Brionna_Boyle@gmail.com,ms63ODp57wRhvvLd,false
kJ49A17,Jewel.Okuneva@gmail.com,2025,false
13b7b6e5-9519-43a6-8903-d228e7eb1319,Otha.Huel@hotmail.com,2023,true
zjWXy51,Jazmyne.Koch63@gmail.com,2025,false
a96ed89f-daa8-4ecd-b3cf-c52090bebba2,Lillie.Stracke@gmail.com,2025,true
931e3e3f-5d5d-475a-a6d3-cb5f4badbe74,Hubert.Stracke@yahoo.com,2024,true
3cd9fb5a-ff35-4e1e-b8d2-66659f46c239,Carlos_Pouros@gmail.com,HZdj04DEgb2HOVuv,true
4389534d-1b5c-4a76-ae1c-87690a7c2ada,Priscilla_Legros@gmail.com,2024,true
3f4fc0d7-13eb-445e-8acb-d96ff00c3595,Lorenza.Feeney10@gmail.com,2024,true
f38af6ab-50d1-4d2b-b094-ca1f1b58c1db,Hanna_Hettinger77@yahoo.com,saMtBIvlaNvutJHc,true
999792b1-a1e3-4a5c-b06b-e93ab8587215,Emiliano.Towne24@gmail.com,2023,true
2ad318df-700a-4ad8-9432-8dd1accc299e,Isac92@yahoo.com,2024,true
e4fe9121-04ee-49c9-95ca-bc0c6d244cf3,Janiya.Schimmel@gmail.com,gJ9qzCyZxEhBxyQJ,false
f05a36aa-58f0-445d-b0a4-f1ce5ef7d31c,Loyal65@gmail.com,2024,GjplkwJMMZrIm
0d211325-df61-48bf-927d-ef279f98c0c0,Carol69@gmail.com,2025,true
mtXDvPK,Miracle_Schmitt@yahoo.com,2023,false
f7b9a10b-b145-457f-a907-6ace6f408bca,Leonardo0@hotmail.com,2025,false
be2d0c07-b42a-4347-8caa-412f882e7d70,Jaycee_Schumm@yahoo.com,2024,egRTYrnaeYdAS
cdc10d94-29cd-41ae-bc97-983d2175d6bf,Jarrod.Lueilwitz@gmail.com,mywXzem8lItMZYEb,false
6623192a-d975-4bb5-bfaa-a4577f2d9269,Name.Spencer@hotmail.com,2024,true
LdrgeNR,Billy26@yahoo.com,MyULUvKteMN0c4yv,true
733f63b3-836a-4d6e-9b43-9f722a383e43,Ardith.Rogahn30@gmail.com,2023,gy6Nxj2VSpqcz
21c08e82-b325-4f56-947d-2a75f17d6480,Shanny.Von75@yahoo.com,2025,true
1f867cc4-f021-4c87-acb6-a8d1e0e1d874,Ruthie.Mraz-Kirlin35@hotmail.com,2023,false
98e1a148-0ec8-46e6-ae61-9e22e20fddd6,Orie_Watsica43@yahoo.com,2024,false
tde1YRM,Geovanni.Haley54@hotmail.com,2025,Osaju9bJfGopB
b484a047-b04f-4dc9-af5d-b6404a6bca4a,Kyla70@gmail.com,2023,true
5ce145f2-129a-434f-999c-e07c9e71d1f5,Austin.Dach@hotmail.com,2023,false
45ae406d-7fc8-41a7-9858-0851c895ddd2,Carlotta.Roob48@gmail.com,2024,false
6090f5c4-bfff-4b61-b43e-16182a667c81,hXJBMD2C5YE,2024,true
ea3b5943-7b41-4da3-a625-203d7b408959,Mae24@gmail.com,2024,false
07e0a5e4-9d1c-42f9-9be7-f95557cdadf5,Chandler.Keeling29@gmail.com,2025,false
71Yc2RM,K7xC042o5er,2025,true
CtghxNp,UMVSKVuHA9w,2024,false
8e2ff7e0-774b-4fad-b990-888f351c1eb7,Erwin.Anderson3@hotmail.com,2024,true
5cd71ed0-885a-4e7b-9569-e5333bb84318,Stephany.Howell@gmail.com,1TF5jE77iOICMkkU,true
fdb77c1b-6e4b-4891-8e2a-b0f2657fb8a9,kgCvPAhwVl4,2023,true
209a2bc3-682d-45ad-8f02-a007c1004f03,Rasheed_Wyman-Cremin29@hotmail.com,ZWxH4yz0oA3PVOnW,true
74892dcf-30cc-4ddf-8a7c-c6087dada1a6,xu9o4VMXMIS,2024,false
52e0de6a-d529-4635-8647-848257d258b4,Aylin.Krajcik@gmail.com,2025,true
53cfbc10-9a05-49ca-8546-3863567ce197,Clifford_Streich@hotmail.com,2024,true
0a5fc4ed-01a6-4ef0-815d-0ae2611c3970,QOp4cohvwPb,2024,false
fafec140-d07c-449f-b362-3e6ef128fcb0,Noelia.Halvorson@hotmail.com,D6w3uqUpncpySFlS,false
f0254331-79e8-47c5-813b-3f1ce2668898,Bradley5@gmail.com,fv72JSK74WxDqMV8,true
7ae1f273-230b-43da-afb7-2c9a62b1c4fc,Dwight.Sauer@gmail.com,2025,false
80b91340-f1bf-4f90-969b-501afd98812d,Jany8@yahoo.com,2024,X8hahzn8w1Hp0
a169faad-54c4-4302-9d32-7d7435c77e96,Bethel_Collins36@yahoo.com,2024,vDhxdKPfVmso3
cbf01a21-6723-48c1-beb4-f4cff4316102,baKKEo9mipH,Y9uCgaW4sF9MmizF,true
acwfot5,Lempi_Denesik8@yahoo.com,L1MQ1FiUrrUnS0OO,false
2128acb9-f53c-4946-9d8a-e9811c70e985,Enid_Reynolds@yahoo.com,2024,true
522a4f7b-6b44-462d-9493-12f83e0d3215,Green92@yahoo.com,2024,false
681115ad-34b2-40d5-92d3-b50e2ec00af8,Guillermo44@yahoo.com,2024,false
2155d793-f906-415b-abc7-b820e633ee67,Melissa.Toy@yahoo.com,2025,false
bee730e3-3de1-42ea-b897-f39fdbca8760,Hayley.Hackett78@hotmail.com,2025,false
87a58d2c-1af0-4146-b5e6-3bfb63c226b1,Vivien.Haag@hotmail.com,2025,aBb80ualMrhpP
10581fcd-0249-42b4-ba3d-7f2d93dbfd01,Alene_Schinner39@yahoo.com,2024,true
f01843d7-c709-493b-aa25-7a410b49a96d,Gladyce_Green@gmail.com,1eXPjmkqE9klCWhx,false
40e02b01-3c81-4c23-9880-8e00182956b6,Lea_Schneider@hotmail.com,MgPrjqAiddPhItTQ,kW5ZRR2t5Lsaa
a0e17e28-15fa-4d4f-b1ab-0cbe0209dd7c,Veronica.Langworth4@yahoo.com,2024,X6gPfAASNqt3X
VLqPDsv,Keanu_Larson-Daugherty4@hotmail.com,vJBw8Hblh881rZ9i,true
136ce38d-a268-468e-8291-ae9b3e3b9ef3,Woodrow.Torp@gmail.com,N5V2LKkb0A30VmAM,true
47b1f342-aee9-4579-a29e-821c00f4e569,Alexa.Hagenes71@hotmail.com,2025,SsZzmz2cdRWIJ
7ba8f19b-5785-47d0-8cda-005b832deb88,Virginia84@gmail.com,2024,false
3a98f64d-e6ee-4359-8be8-3208058e1d2f,Lola_Pouros55@yahoo.com,2024,true
b95af831-6b3a-4489-9bce-c6fc11da25f2,CjNwSd5adm0,2025,true
3d3706be-7896-4ed7-9725-abace353dbbe,Ayden20@gmail.com,2024,true
d1480585-192e-4f14-b256-cae455f215d2,Jaleel61@hotmail.com,2024,true
6e164e9b-65d3-43ce-9838-94920cb5ddef,Ashlynn_Upton@gmail.com,2024,true
ZxCBicd,Vida20@yahoo.com,2023,SuQoYM2hbxCXX
667148ca-ce1a-4f8d-896b-23831a7879b5,Tevin_Schultz@yahoo.com,2023,true
beDeWUd,Murphy.Kub52@gmail.com,nERb4PNo8GjgCdgj,false
5d283d73-63d6-4744-8bb4-a706d0732521,Lewis19@yahoo.com,B38F8dsxZfryySQR,false
ec67d00e-5626-4b8f-b552-9ab36dc52ab7,Devyn_Tillman31@yahoo.com,2024,iat6qbffLc2FW
1cd116c2-d71e-45c0-8889-e04995bbc7d2,Reva_Jones3@gmail.com,2024,false
870515af-1296-4531-bbf0-711739880d4e,Etha83@hotmail.com,2024,false
4da5a9e7-acd6-497d-ba27-72b4e7fd2900,Marisa1@yahoo.com,2024,UxXPgveZDDidO
dafa24ac-e435-48aa-b10e-d79121de49dd,Raul48@gmail.com,2025,true
fc2aa750-e339-4f69-b765-f910504434e7,Liliana89@gmail.com,2024,true
a6bca2e1-8aca-4be4-beed-805e321a2318,hbVX5xXLslN,2023,true
baea89b8-674e-4b2b-bbce-735a606defb9,Richie35@yahoo.com,2024,false
3b357a15-1f92-4398-bd01-f84ce2f266fa,Monroe_Little-Schaefer14@yahoo.com,2024,U68QPQLKoCYyl
76e5fe88-f137-4f46-899b-2f69bfa1b49e,Penelope66@yahoo.com,2024,RCM8uT5K5Mxu6
88d5f170-90ed-42f6-ba94-03089b0ec22e,Marina_Hilpert46@hotmail.com,k1NZrBXV3Spyc91c,true
a5bb295d-f131-492f-adc9-e3fc1e595750,Celestino_Hodkiewicz@yahoo.com,2025,ql7ixsuDYIzJw
V8kW0Lh,Sallie_Dooley-Block71@hotmail.com,2023,2FGAcgKvXp1Dz
6292fe67-446e-4316-8f4d-55e76a29f10a,I0jeNBAk6Tv,2024,true
2dca5387-7f62-4213-b74c-03945dc880c2,nZmPbpRNJWu,2024,true
d1635d7c-b625-46d6-848b-eb485b1fa246,Timmothy_Brown15@yahoo.com,2024,true
54911cb2-6ccb-4a36-a1a3-2c26a9a2d8cb,Orland99@yahoo.com,2025,false
4d716b9e-741c-413c-b09a-a3be0e5b6b5b,Annamarie.Deckow4@yahoo.com,6v1mhuVE6zi34cZO,false
2750401e-317b-48c8-9c6a-7680de5918ca,Joan.Simonis-Daniel23@yahoo.com,2024,false
efa83cc4-f41e-42b2-8c2f-5f5d2e826014,9qM10IhB6pA,2023,iWIaM7Y7PsXEr
e0f7cecd-3e82-454e-9f83-40722fd0f291,0p3wQS1088D,2024,true
9f678f31-e03c-4936-9d45-edb141360eb6,Kaylie.Heaney25@gmail.com,2025,false
2774b7d5-920f-4b36-a1ce-eb47e8cbf218,Damien38@gmail.com,2025,false
c13d6395-f4b0-405d-8fd3-7223157a1692,Thea_Roberts-Barton65@hotmail.com,2024,true
362514bb-2d00-4155-bf74-aefa7dae2eed,Shaun.Wilkinson0@hotmail.com,2024,amNjo2HL490ft
f5427261-a39c-4ff1-9df4-cf5a13f244d2,Jolie_Konopelski@gmail.com,2023,41z7Xti4k7npT
fff4ba41-12f7-4cf6-9284-dab1fa5f01a6,Owen.Marvin@hotmail.com,2024,yaMIfWjr7gzpx
eLj4xR1,Garett18@hotmail.com,2024,true
e32401f6-0511-474b-8665-8af21c914eea,CWYlL8FoS7G,2023,false
54ae2f6b-365d-451c-b4d5-49f4b697f1d1,Gino_Stanton@yahoo.com,2025,false
38b410dc-d670-481d-b916-cf22a49177f6,uWgra9CF0r5,2025,true
c68505fa-4bc4-4825-b365-f0608f5986db,Destin94@hotmail.com,sfRpr0Jx2S7xVh0f,true
f17ef400-10a4-4d72-b23f-b5f42d7e9fa7,Gayle17@hotmail.com,2024,true
79445669-f95e-4939-a722-73339f15db20,s2BHXIuCqVY,2023,true
Kw25eNw,Berta.Mohr@gmail.com,gswOCyVv9YXbNqiD,true
49b754f9-c4ea-4be8-9986-8e7fe2a4deae,Hassie.Klocko@hotmail.com,2024,false
6682937c-aa61-4eac-8c36-b42ae3fdc4fa,Vernice_Kertzmann@gmail.com,2025,false
ecb0f28b-f73c-4dc9-889f-ffd8dc73ec19,Lamont.Kovacek63@hotmail.com,2024,true
IpX0O1a,Rafaela.Kub@yahoo.com,2025,false
195949f1-b6fe-44d9-b636-66283fbc4727,Dianna.Bogisich@yahoo.com,2024,false
FRc9HFK,GkTUvVG2ZiR,2024,false
8750dce9-448d-41c7-bbce-4a212acdf8ed,Pearl66@yahoo.com,LxCc96WCO2ylDOhM,ESsAANNgqOh36
198e491e-52fa-4798-b7fc-ac5878390b5a,Mariana75@gmail.com,2023,jJoDVceBq2Kik
f98c49fb-da02-4d33-a8e5-69c26d5eade1,Ronny.Lubowitz-Hamill13@yahoo.com,2024,false
01ada908-6990-4fa8-9384-a1c4c57f1a25,VZ2PPm1A0X1,2024,true
80a5ceff-7f71-4619-9812-46ce6ceebdd4,Keeley_Aufderhar@gmail.com,2024,false
7dc3505b-f3d4-4e59-9872-e2f7e4e5e8d5,Agustina98@hotmail.com,2024,false
ab8a3823-33c6-43b8-946d-20ee80525695,Stefan.Williamson@gmail.com,2023,true
4071c23c-2ff9-4ad3-bf2b-183b35c7f943,Arlo.Hoeger57@gmail.com,2023,QcJZc5230cRYa
aa18b70d-cb1b-45c9-a4cb-775d3bc3395a,Linnie.Quigley20@hotmail.com,2024,true
19be3afc-a352-442a-b67c-c8f0f78a2713,D5tVgb1tcB3,2024,398xYyNJ7hPYO
b9e6faf4-bc45-4db3-bd02-48ed5f385043,zFuVorH9TG9,2024,true
8q9yzRI,Ward77@yahoo.com,2025,true
f858e04e-f759-4c83-9f26-b4c1612cc738,Josiah.Kulas@gmail.com,2025,true
XH3ux3Z,BPQt4bW2EzP,G3OOp6cccZ0UD4w4,true
a6af0a2d-bea8-4af6-85f3-6ab96226793a,Stephanie_Connelly46@hotmail.com,2024,true
6e51f0d4-8dea-4804-ab9e-3ae768da2d5d,Arlene_Thiel52@hotmail.com,2025,false
c8c7d3e0-69ab-4a48-9759-61133891447f,Maddison_Bayer@yahoo.com,2024,XO6ZAfCsm8HoI
0e46b018-2a78-4fde-9a42-6de50c025c39,Jameson_Thompson3@gmail.com,2024,false
d848d46b-e184-449f-b1e6-dc75e5fde7db,Magnolia_Vandervort@yahoo.com,2024,true
d86f6acd-f9cd-43d9-ba40-b8ee5348960d,k9Iz8x2AWN3,2024,false
6b57814e-c1d8-4640-a5cf-ef4a1629a599,Rafaela_Moore2@gmail.com,2024,true
be5eca78-ec20-45a7-9257-e7f05fed978d,Hyman.Tromp90@yahoo.com,2024,true
46136dc0-1454-4196-8a48-ee3b941612c3,Ocie27@hotmail.com,2023,false
1d090ca1-b123-40fe-8662-d1463ea7e6fd,Callie_Huel57@gmail.com,2024,false
ea58a290-d35f-4f32-9f08-ad0e2af6f843,Yn6sh5SSqpi,SeeJyVvH6BSCuY6V,true
cd0d41b0-3d97-44ba-8adc-053021487131,Neal.Brakus@yahoo.com,2024,true
6bf964f0-2fc5-453e-a5a4-5ec54d319dea,Isabel.Schaden74@gmail.com,2024,false
21acc61d-e01b-40e3-a748-73ac53a82f4f,Lennie.Trantow55@yahoo.com,2024,true
d626ba70-8cc1-43eb-b727-5c9ea4980897,Doug70@hotmail.com,2023,true
3520b613-ccb2-41f2-9345-90288d32698c,Lesly61@yahoo.com,2025,false
7f10c0f0-bf95-48ee-a167-ef736b6d80e4,Rosemarie.Bayer@gmail.com,2025,false
45736a67-9861-405e-a149-62814f7f36b3,Sarina.Howell10@yahoo.com,2025,sYPWEsKL3pCIR
Pixpm2g,Alphonso.Fritsch@gmail.com,2025,xjOrZfNjQsCiA
169d8b0f-7586-4480-b288-2f03b020b9e2,q45goO24zgq,0uhxW6N3OmJdcMyT,false
4fae99b2-69f7-4702-acc1-db30ec2e2404,bproch24ROF,2024,true
ddd55469-b824-451d-8aad-5c6e55188bbc,o8gFqdzw5rV,2024,Tq2fmJ4FsYWMX
NpkmSvU,Dahlia26@hotmail.com,YKXwrVZ3HiIXrtHL,false
dffc2cd1-7325-4052-89c3-7cbac1dcfba3,Cloyd_Hegmann51@yahoo.com,2024,false
173ff765-617c-4554-bc30-33dc66a8d504,Angelita92@gmail.com,riyB9C5PEZJ1DI2A,false
450e20b7-8b3e-4ed3-a7ee-e3f5a95f5a84,Ardella_Cassin97@gmail.com,JCWioHskVhENIbxq,false
8059968f-1bac-415c-8466-82b5f5973990,Gladyce_Heathcote@hotmail.com,6quEFCEQHXlg1E4A,false
c8c48fbb-f927-41e7-9123-c257abcd0760,Abdul.Stoltenberg0@gmail.com,2024,true
aaeed163-a149-44f2-84ff-d9c7913442a8,Jaylin.Konopelski8@hotmail.com,2024,false
8e4329a5-ce76-4143-8739-0e5d328b2d8a,Alex.Klein-Ernser@yahoo.com,2025,true
E100rMS,Makenzie.Kreiger54@hotmail.com,2023,true
25eb9fa9-1ec6-4bc6-8da7-1044f8d89ecd,Carole50@yahoo.com,2025,true
b229f74f-246b-4e4f-a10e-85a2d308f0df,Orrin.Jast@yahoo.com,2023,false
25c2880c-643b-4cb0-a0a3-9bdcb0071517,Vesta_Schiller@gmail.com,2025,false
6162d8d3-12af-4012-808d-50da24b38fb6,Marcelo54@gmail.com,2024,true
13c4563f-53e0-4cc4-b46c-cffd85d1fcf1,Dessie35@gmail.com,2024,true
0db7623d-535b-45ff-a663-d5dec015365f,Cleve62@yahoo.com,2024,false
1653b5e5-2e35-46ad-bb2d-b6dbc09a82e2,Giles.Wolf@hotmail.com,2024,true
9395e0d2-b42b-446f-b867-36c1f98d6eaf,Maxie_Bins@gmail.com,2024,false
340c686e-e517-4256-8595-537b3b724ac7,Oswald_Hickle64@gmail.com,2023,true
9db3c1b5-e3cd-4ef0-acfc-7f7fab598149,Blaise_Hayes30@hotmail.com,2025,bE2f56zKudoGZ
0d4a95ab-7ddc-45bf-8909-e5cae623cd46,Dayne10@hotmail.com,2025,false
657424ee-31d7-425b-b3dd-c11b97732c84,Deonte_Blick75@yahoo.com,2024,sEw2hAL0bu95f
y37uKpt,Emelie63@yahoo.com,2024,false
c21132f5-0dd5-4109-bfda-31e610174835,lUbFx7NfhvK,2025,true
47d47aeb-7189-4466-a232-5cf58c081503,Erin.Schneider94@yahoo.com,lW0plp8TqpbItizc,false
9ea43eaa-0517-42c2-bb72-e1bef22463e1,Kelvin41@hotmail.com,2025,false
55c2ca3e-5134-43c3-b653-2bba5aa899ad,Katarina_Kovacek@yahoo.com,2023,true
5254b217-b9ff-4a83-9a4c-8377b1b55b48,Kathleen62@gmail.com,2023,L0FanU6N6dv6p
f8e24198-8ac8-4258-ad82-dd15bb828d10,my8ABSGTtmj,2023,false
73d4ad0b-364d-458c-aa8b-6a300e5391ab,Narciso_Kuhn@gmail.com,2024,true
f3971091-2079-43fb-bbad-eb199f2a24dc,Trycia18@gmail.com,2024,false
c1f4c63a-1b4b-4ff3-b9d2-816ad4f0eaf2,Levi_Effertz@gmail.com,2023,true
0fefac74-d049-4bcd-880c-64bdfabdb8eb,Lucio69@yahoo.com,2024,false
4899d75b-c13a-4b7b-907f-b0be08108a92,Jermey_Schroeder@hotmail.com,2024,false
ZGymNUB,Vincenzo_Lind@hotmail.com,2024,false
196bbb9c-52b2-42d9-99a0-53d446437e7f,Grady_Schumm@hotmail.com,2023,false
ccb96bb7-051e-4891-92d5-98b7a4c34e1d,Merritt88@hotmail.com,2024,false
1e290765-3da3-4432-be3c-7d4d6b30846d,Angela24@gmail.com,hpGdCeh0FwZ9B96M,false
3cea5c8d-d320-4299-9bfc-94d2705893d3,Cristal_Schinner@gmail.com,2025,false
3a912196-fbcb-4ac7-bcf6-ae061f5e840b,7ijoRX8Ht7b,2024,true
e1aea01e-5b6c-4d53-948d-fac2258a80d6,Dallin.Hoppe2@gmail.com,IO9bKuvgdaFPxqvn,true
788237f1-9c0f-41f6-b95b-67833c1c7dc8,Sally.Wisozk12@yahoo.com,E5bI1rdWjmvSIQhX,rsHkGhL5pkYpD
e2gUZcx,Brice_OConnell3@hotmail.com,2024,false
pIme224,LETQk41kypp,2024,true
019aa89d-59db-47d8-9b23-e0167624db9d,April_Osinski@hotmail.com,2024,true
3996cdb2-cb29-4b8f-85f8-59f679f2cad4,Maiya36@yahoo.com,stCcTehW4JbpyTTM,true
e4cfa49b-51e6-4fd7-9b2b-21105d19be1e,Hazel.Christiansen88@yahoo.com,2024,false
b8cc27c9-da31-4718-9b1a-d18454e7dcf3,Julio_Jacobs61@hotmail.com,2023,JdsGSf5gFkrNc
e6f8d6cb-6282-40b2-8b69-f6c6eca18328,Angelo.Gutkowski-Harvey@gmail.com,2024,false
62d29c77-88e2-418f-8967-c54fca3d90ed,Sidney_Becker86@hotmail.com,2023,true
59a56b21-b7ce-4c54-92ca-898460efc8fb,Travis_Bartoletti@yahoo.com,2024,true
8080400a-f101-4e51-9507-b97d33392aee,Branson46@hotmail.com,2023,true
a6ed0863-aedf-4741-8d31-ef4185cc45a6,Wilfrid_Weber72@gmail.com,2025,true
74729566-50cd-4112-ba24-39f644aff9ad,Melody73@hotmail.com,2025,false
3bacde33-0a4c-4b30-827b-1ee911d01b24,Brenden.Towne22@gmail.com,2024,true
vtMpizX,Helene_Hudson25@hotmail.com,2024,false
c1c9cc31-6fcb-483e-ad83-f8d8a4492bb9,Susana65@yahoo.com,2023,true
d356926b-27bd-472c-8ec2-585e1548da64,Miller10@gmail.com,2023,IECNrfcXd2nil
34d229aa-e065-4254-931f-76b343db56a5,Dina.Heaney62@hotmail.com,2025,true
10a079ab-0ee6-4943-9a38-1306e745d238,Juana42@gmail.com,2025,jg70iAi2dvkXF
aedbaee8-78d0-44ee-ade9-a0c332fb2462,Blanca.McLaughlin@yahoo.com,2023,true
VjJcNz2,Tobin_Gibson@yahoo.com,2025,false
7eb0a276-42ec-4398-b9a5-46296fc8d79c,Caleb.Schoen@hotmail.com,2024,true
9eb3dee9-726f-42e7-93cd-dcecbffa0abd,Lucy_Cormier-Kulas66@gmail.com,2025,xP3aZcEQc5uVs
o5kLXyk,Ramona_Kovacek17@gmail.com,2025,true
5db20351-e32f-44dd-a8d6-f25e8b7a3b04,Keaton_Nader17@hotmail.com,JjU0s3Rz1DweKhi1,true
b8c1cef0-a3f2-453b-bb11-a590296f12e5,Mabelle53@hotmail.com,2024,true
M9BQsGh,Scot_Hansen@gmail.com,oB4bl6hlhJ9tbycM,TxPsKVEsRYsT1
377da1de-edff-411d-b844-1b51ab7742ed,Chauncey.Keebler14@hotmail.com,2025,false
33ad5ea6-a0dc-47cb-b6f4-fba13600874f,Aurelie.Weissnat@yahoo.com,2024,true
A0PLcdU,Katlynn_Jaskolski@yahoo.com,2025,false
Zm07ujs,Rosalinda.Schmeler13@yahoo.com,2023,true
7dbb9399-525b-44e7-8160-549e185857f4,Jalen_Goodwin@hotmail.com,2024,true
a3a84259-a8b5-471e-8893-cdd80febeecd,Herminia.Kihn55@gmail.com,Zym2Wwwuk5BxFUIz,true
b471c29e-2fc2-439a-9a49-6eda842fa181,EkYqX0hkzL9,2025,false
a73c63ce-4583-4307-8469-3d7a91f317c2,Reynold.Schmitt-Johnson3@gmail.com,2023,false
6909816c-2c06-4992-a915-22594b27274f,Luther.Brekke@yahoo.com,2024,false
8dd109b6-3e4f-4eb0-9962-e15d7a6fab19,Amelia91@gmail.com,2025,yUIc5nBHSw74C
606728de-7dda-4e51-a7dd-37745a03aa16,Colby.Anderson4@yahoo.com,uclMdD0WtNOaXpOt,false
f523cf6f-3813-487d-b922-15ed423e3b69,Gillian36@gmail.com,2025,false
ibKUcwu,Telly8@hotmail.com,2024,false
353986b8-f956-4776-a1c8-18c5b5d2fc6e,Daphney_Schroeder@gmail.com,2025,EDHMiu9vwmzyD
96c005bf-b62c-46ec-b776-e65604dc0325,Solon87@yahoo.com,2025,false
f8b1b76f-3218-41af-b80d-f9a7cf89ebaa,Eulah_Pacocha40@gmail.com,2024,false
8595d7f2-9f0d-4822-8465-f6290ca3967a,Alford_Zieme@gmail.com,2025,fn0b1THAKDFB8
6fae76cb-62d8-44cc-a7a4-9e057db0db92,Alexane.Wiegand64@yahoo.com,2024,false
57611439-3a24-480d-8aad-5a67afe1d2c5,Jordon_Herman@yahoo.com,xBJ05NcQVHAyQ3g2,true
b0b0563c-f54a-4373-b67c-5b8d80e91b68,Francisca_Mraz@gmail.com,2024,false
6fa500fb-a2e1-4289-bba7-a10daf746b15,Nathanial_Ziemann19@hotmail.com,2024,false
460e9528-0d67-4916-b27c-ed5927a9991c,Juston_Grimes-Rowe@hotmail.com,2023,5aIDxNdVXT1yY
c82a1182-fc81-431c-a1c2-f9c6a50b2502,Chesley46@hotmail.com,2024,true
46148b96-132f-4122-90d4-6e8954604c06,Syble41@hotmail.com,2025,false
058e3a3c-dc3c-4706-bdb7-7fa0e93d373e,Andreane48@hotmail.com,2024,false
5d054cf4-4114-417c-98b0-dd0f2571f3b5,Esmeralda88@gmail.com,2025,true
a9bc4545-47fc-43d8-9c33-36ea9a38f906,Howard_Bailey@yahoo.com,2023,false
c621899c-5f51-4d4d-b1e5-87e9f8fbb8b6,Alana.Barrows@gmail.com,2025,false
8d78d66f-6e4b-4d52-9e25-c9b13eba7a12,Rahsaan90@hotmail.com,2023,false
f8646561-e62c-410d-9653-23d175b0fd98,Alexzander_Nienow@yahoo.com,2025,false
23e73242-947d-4148-a5c5-b6e49b7311db,Kariane.Collins@yahoo.com,2024,false
674f4fd3-1197-4899-82c6-ab7781b8b9d9,Lola_Cartwright65@yahoo.com,2023,yrci0ZVQXskg7
daee64f4-7a3b-4bde-82fe-40d848a4904f,Briana_Adams@hotmail.com,2025,true
a6406c06-54c4-4bc1-ae6a-ab9ff70dede0,Carlie.OConnell70@hotmail.com,2024,true
HfTIArO,Stella38@yahoo.com,2025,false
06b13872-c79b-42d4-bee9-8c8ba31f87c7,Nicklaus_Tillman24@yahoo.com,2023,false
2b0CFPA,Miracle.Hermiston@yahoo.com,2024,true
4a3fd2bb-240f-4bd1-b27a-70a3fcada3a4,Sherwood.Ruecker89@yahoo.com,2025,false
1fdb7749-5b43-4958-9b99-109fdb912ca1,Darrell_Beahan36@gmail.com,2024,true
ec1b3b36-e075-48d3-96a6-4c43eee0e273,Rhett.Reichert-Hirthe@gmail.com,2025,Pnxqk7IyRewLU
A4xYNSk,ApZCoWwofXX,2024,false
MmGaOo6,Keegan5@gmail.com,2024,false
999118f6-f501-4ec6-be0f-f44b70a7b042,June.Graham56@gmail.com,2024,ecR2CVdJysf1J
78cdd719-0dd0-4ed5-972d-80de50e9b98d,Malachi61@gmail.com,2024,true
1b0a5d06-cace-438e-97f5-5396472284ec,Bo56@hotmail.com,2023,false
cc47e3bf-961e-4172-ab31-0e3b936b131a,Carson_Thiel@gmail.com,2025,false
57bb0617-6d36-4bec-a814-4d229eed4e25,Cale_Morar@yahoo.com,2023,false
iPvTTXf,Beverly_Rutherford38@gmail.com,2025,false
2a86b0dd-2cdc-45f9-a2c6-273497e00a5d,Lester.Keeling52@yahoo.com,2025,true
7cb3c659-ca99-4eff-8094-ea4ce8ce1b27,Fanny.Heller@yahoo.com,2024,true
fccf7c4a-8d27-4c64-a568-3173591b13fc,Cecile.Witting97@yahoo.com,2024,true
469af5e5-3d92-4986-96f7-f5d998e5aa32,Rocky.Littel@yahoo.com,2023,false
a85f62c2-beef-4250-9f13-bf160c270ebe,Trey54@hotmail.com,2024,true
9d29ca6e-2766-4ece-8373-41be94d23606,Graham63@gmail.com,j4Eumq3JMgoCOTlh,true
32467b3f-0f57-4706-9686-f05bad434d2f,Clara.Ryan@hotmail.com,2024,true
47620191-4c56-4f95-84a4-32b4b348b05d,Lexi.Olson@yahoo.com,2025,false
410a69fd-ab86-4078-83dd-5dbeee9663d7,Davin33@gmail.com,2025,false
349b4b5d-50ef-470e-967e-f7aa92ab1d69,Brant.Nikolaus-Dickinson57@hotmail.com,2024,false
z4QaYyp,Mackenzie_Mosciski79@yahoo.com,2025,true
26f0bbd1-a7b9-4717-84fd-669da38a08eb,Adriana5@yahoo.com,2025,1NPWGP9WXhPNW
92d3d870-3a18-409f-b4eb-35d5977d1ed5,Narciso_Conroy31@gmail.com,2025,true
101e85be-518f-43dc-89fd-7a9b30d0224c,Lenore_Harvey@hotmail.com,2025,true
MsIVQIR,2YyHB3UaA15,2024,false
48f60d0c-a4cb-43cd-9517-cf1c0d6c16e2,Robert.Feeney89@hotmail.com,aNsLpUjkgAXNCtal,true
c5b70f88-f8e2-4921-bed4-2be43f649729,Ronny.Koss-Altenwerth14@hotmail.com,2024,true
d742807c-2938-43d4-a7d0-7e61b9fe5651,Hipolito36@hotmail.com,2024,false
47085d61-37fe-43a4-b678-6b433d8c79e8,Andrew_Bailey@yahoo.com,2023,vzbBTYlQeuULO
a7d1e01a-e5cc-4ede-b230-bc29ff96954d,Rex_Hauck88@hotmail.com,2024,true
b2be93e5-9c8c-4c5b-a9d1-cd421b47564e,Dasia.Parisian96@hotmail.com,2025,true
9a5f0770-e03b-4665-976c-5d6ca66a3fd2,Jude_Koss@yahoo.com,2025,true
kFq2Gi7,Tiana_Harris@hotmail.com,2025,true
06bb5809-0a81-4a7c-a874-9edf69179364,Dusty_Sauer33@hotmail.com,2024,true
jDgGNpF,Durward.Fritsch@gmail.com,2025,5eYdPB63kMcPn
913b78d3-b5cd-4159-bf6c-2c9e1668774f,Sadye.Roberts9@gmail.com,2f7u69fFHAaPWnJG,true
EqQER8J,Tanya.Pfeffer@gmail.com,2025,false
d2398498-3965-4360-b3a6-48f1e9ee53ed,Darren_Mills78@yahoo.com,2024,false
b78ebea5-3581-40ba-8e73-5f9114295bee,Miller1@gmail.com,2023,false
0371d8fe-f18a-49c5-b370-f5938b684e7e,Eloise.Mayer@hotmail.com,uH6btScFB1RGf6QD,true
aee90150-fcff-471b-8747-0395b6c08b49,Kale30@yahoo.com,2024,false
1TUmemR,Jenifer_Graham54@gmail.com,2025,false
28dc58b8-50fb-46ae-992a-3a1f58317a68,Ulices95@yahoo.com,2025,false
a088d325-04ba-487a-b4a1-73f6aaa00da5,Kyler_Schiller25@hotmail.com,2025,50nqRvzglScaE
kA7lK7Q,urwjGgeBLCP,2023,true
WetzBjX,Aurore_Kuhn@gmail.com,2024,false
b7cd5565-dc1d-49d1-ac57-35e140420619,Emely_Wiegand@yahoo.com,2024,false
91bbeedc-4ed6-4ff2-8eef-27211206fd1e,Ryann.King76@gmail.com,2024,true
O8djINJ,Bailee_Schuppe77@yahoo.com,2024,false
9InQgDy,Delta.Feil@gmail.com,2025,false
5d3eb5cf-1ff5-4de2-8fe8-84280b0aad80,Gregory.Murazik44@yahoo.com,2023,false
c64dc7f0-8c7c-4bb0-a37c-516ac5182e18,Janessa.Bins@gmail.com,2024,false
03e38c30-b937-4434-b9d4-0a2cc70fd812,Bartholome_Nikolaus@gmail.com,3Wh3l6rveqziMyPD,false
4a1c45fa-820b-4e71-8f96-6f868f4e7135,Reese.Abshire@gmail.com,2024,true
49eedc41-dd5c-48f9-866a-e83a9dfc1652,Consuelo.Ondricka@hotmail.com,2024,true
e1edc646-de20-484a-9762-3008c849bfbd,Vidal_Schoen@yahoo.com,2025,false
a62a3b70-24de-46c7-ad34-3bb0acff4f61,Isom.Wilkinson@hotmail.com,2025,true
39e18787-22c7-4b29-995e-9191afc86d36,Bernadette.Wehner88@hotmail.com,2024,S7nmkpKuSuqOn
1c9a4085-528c-4343-83e1-4e194bf3ca6b,Olga.Cremin-Von@hotmail.com,2025,false
85fe9bf3-e5eb-4a03-b93f-084a0842d164,Davion_Johns78@gmail.com,2025,true
825bf461-f998-4334-8263-dce724da3211,Edgar40@gmail.com,Hc03fxbyiQawsAnZ,false
53368dfb-0ddb-484f-ade3-9af8caecda67,Marlee.Feil31@hotmail.com,2024,true
a4f3eb43-b81c-4689-9b98-f6414e5789d5,Cristobal.Okuneva50@gmail.com,2024,false
b53fa1c6-1559-430c-a5cc-69f1837eefeb,Elisa69@gmail.com,2025,false
c9a1672a-946f-4e06-a35f-edd53b49c6bc,Constance_Price@gmail.com,2024,false
6ff5d479-9a04-4b0c-9910-00166b73ea89,Gloria.Goldner10@yahoo.com,2025,true
27666590-5201-4599-8338-a539263fcf5c,Rosella_Green@hotmail.com,2025,false
8247d780-b07c-4f65-859e-bdcdc76783f4,Lennie22@hotmail.com,2024,false
54ef0386-cb9b-4cf2-a5c5-41514a9efdf7,Kayla.Mitchell27@hotmail.com,2024,true
c3927eb5-0b21-4061-9b1c-29ac332800ee,Hazel5@hotmail.com,cNPe75MmKa7FirVZ,false
608e6d44-46df-4e54-a8da-bd73c4cea870,Lorenza_Ebert@gmail.com,2023,C5Wo7iMsiqYnf
vp6TodV,Madelyn_Greenfelder73@hotmail.com,2025,false
e2127d9d-dee9-48d3-9cc5-752bbdb1c59e,Scotty_Mante@gmail.com,cQUD6rLayhDWStmC,false
0355d45a-4a1b-4fc3-8eb2-e068abd4c592,Jailyn0@gmail.com,2024,LMMT5cKiwxBxf
7002a830-479c-4949-9e04-aa59fa24c389,Athena.Zieme21@hotmail.com,2023,true
0a7c0cc6-6942-438c-9c99-a64b2024acd2,3hN2EJl24zP,2024,true
b05753f9-383a-41e9-abef-0eec8af226ee,Cletus.Senger94@gmail.com,2024,true
66bfc5dc-bdf0-4575-b8c9-7d6c53be2514,Rubie92@gmail.com,2024,false
08679f62-ee84-48c4-bce4-e2b0b5c62f5d,6njSPxusAfr,2024,false
faf6ed67-1540-43c1-b1b5-bae98d1d10ee,Michele13@hotmail.com,2025,true
4c324e7e-0449-4768-b8e9-64b38616b1a9,OLUvVobBnNe,D4ywjAUpi442mcGG,true
ef390a1b-dadf-457b-86b1-f4659977c9b3,Yazmin92@yahoo.com,2024,true
e8efd39f-c538-4f26-8177-3d6a9670c47c,Casper86@hotmail.com,IqKNAt6Wfmfhvw2Q,true
0251b29e-c80d-405b-8828-52b150abaee1,Nyasia_Little14@hotmail.com,1TJYI129zkkeYrSf,true
db0f6320-5081-477e-a0b2-7e80284ca04d,Claudia12@gmail.com,2024,true
0843cbb8-aae1-4859-b2fe-4a4690db5e4b,Richmond.Medhurst@hotmail.com,2023,true
a9d8b02e-f825-47ba-a23f-11ade9ee7537,Dortha_Nikolaus-Watsica@yahoo.com,2023,false
d5555c01-7d48-4529-a4be-f6e2a2a0ccd0,Harry_Herman@gmail.com,hy0MCyqKhiwRYtos,true
177494d0-dcd4-4b7f-92d9-d2aaca3c61eb,Destiny48@yahoo.com,2024,false
b667d264-659b-4a0c-b1a7-0f520baa8e1e,Mattie44@yahoo.com,2023,true
TuvqBjW,Joaquin_Romaguera@yahoo.com,2023,true
242c2f67-0660-49e3-b519-ebdae0e1bc79,Nicholas.McCullough46@gmail.com,2025,false
ccb5272a-920c-4b52-bf4c-0769448adb32,Filiberto37@yahoo.com,2025,false
8c9f666e-0ac5-4123-91b8-cf2d8b538c53,Nikita.Waters60@gmail.com,2024,false
a82c6000-b4c9-43b2-9414-a5dd1e4ce162,Alysa37@gmail.com,2024,false
16b6dc88-ce5c-49a5-af88-c2422d59cdfa,Queen.Ullrich@gmail.com,UPI3KUyJpAE7rEUU,true
08219c0c-0d6c-4d41-8462-380885e806be,Coralie_Cummerata@yahoo.com,2025,true
6a4d95bd-97ca-4ede-aa43-c2149f7e5419,Reymundo.Reichert28@hotmail.com,2024,false
7e84e47d-7aaa-4aff-89ca-f52246d51dce,Leopoldo.Johnston@hotmail.com,2025,true
b3f2103a-802b-4d22-bb7c-5cfaeb046b5e,Al99@hotmail.com,2025,false
Ihg5FKQ,M63ezG2GttZ,2024,false
xSMZTnA,Ollie_Turner17@gmail.com,E83juJR3g5RM0GMw,true
37f823fe-4d8e-4519-a916-cca7121d8b87,Althea_Ortiz86@hotmail.com,2024,true
11eaa9cc-72f5-4fa4-9628-0b042dcf5fc1,9MdcT5lKsK9,2025,false
mSaOhuE,Jorge_Shields@yahoo.com,2025,false
99cbe791-0d12-436f-91e8-0cf1954a22fd,Claudine_Howe@gmail.com,2025,false
aa26a256-0b51-4cdd-8af5-07cd3171d9f4,Joanny_Batz40@gmail.com,2025,false
ce5ac216-0732-4571-8aa9-8d58e586f8f6,Myles_Roob@gmail.com,SyJ0bj4hRyy84vty,9PMw3Bf8Fm4I8
M4pElJi,49gSJpXmcdP,2024,true
abdc0007-c6e9-41de-b531-253f6b29fb70,Delfina42@hotmail.com,2025,true
6fb9875f-1c87-4535-af33-0bdf71c5d678,Aidan.Durgan@yahoo.com,2024,false
jNGb8sd,Sarai12@yahoo.com,2024,true
1dc40ea1-7e7d-4a87-a2d3-3b21ccf90b51,Lois_Reichel17@hotmail.com,2024,false
a355ef28-2234-4290-841d-a673908d297b,Quinten54@hotmail.com,2025,true
3139906f-ffa1-4f67-a745-fb3563826329,Dwight_Nader@hotmail.com,2024,true
82fa7e34-dcc9-42e0-a519-cc3ebf6d4cfb,Kristopher.Boehm@yahoo.com,2024,true
bafa6974-ef4e-4247-8a7c-83eab3e7f2ed,Maeve.Boyer86@yahoo.com,2025,false
4796f517-1c66-4ad3-ab37-812b771ce5d4,Bryce55@gmail.com,2024,false
3b28fffc-113b-400a-bdaa-83cd395c6838,UOui7WCp0gY,2025,false
f6e88f17-c9e8-4dfd-96a4-a4248df8cf67,Pinkie.Adams@gmail.com,2024,false
FGxF4nb,Paige.Wisozk@gmail.com,2023,false
86794a8e-e871-4d79-ba02-bce708c401b7,Blanche65@hotmail.com,2023,false
42c04e55-a26e-44ac-8afb-ea5a0fcedd14,Henry.Price34@gmail.com,z2Li5Vv4kSyVzepD,true
927400c2-0db3-4705-85a6-c1e34cdde88d,I2zrwLhWIwp,2024,true
ZYMt8el,Layne.Ward59@gmail.com,2025,false
51cc9cdd-f4e2-434a-8851-560e41d85af4,Queenie66@yahoo.com,2024,false
29a906ae-70a6-45b2-b24b-f7c65f9ec895,Ruthe91@gmail.com,2024,false
3r1jyva,Gerson.Stokes@yahoo.com,Saq8GsH14TkHrZU4,zWke8WFYx3J1p
1b5f39b0-9065-4fbf-99a0-f06b9fc793a7,K7TZOQ2hNvT,2025,bHZQ4bJqPsxvX
5a0ab7f7-3ca0-40dd-8d89-1dcf5c7aed26,sPdh30eAgG9,2024,true
297411df-e1e0-44a3-8c66-09f4d68dbb73,CuoPG7bzKoH,2023,false
1c055706-787b-4906-8ba8-be78326ca6c2,Hettie.Effertz87@yahoo.com,2024,false
d30722c4-ba39-4f59-bc66-9e872eb08e14,Hettie.Williamson@yahoo.com,2025,true
b2778716-b23f-4d14-ac16-105e810746b0,Brennon_Daniel72@gmail.com,2025,true
acd4d21e-2128-4802-aed6-25b48cad87a5,Charley40@hotmail.com,2023,true
148ffdd6-4baf-4cdc-8cb3-cd554f83794e,Brandt29@hotmail.com,2024,true
a02fd48d-fa9f-4e2e-a64f-9889d99f34f9,Trevor.Aufderhar@yahoo.com,eOhWV4xU7nnAU83D,true
3263fbc8-db39-49a5-80f8-c9fdb65abd56,Jakob_Wiegand@yahoo.com,2024,true
ne1EtQi,Verla37@gmail.com,2025,true
c2f16ebc-3f74-467c-ab65-31180d0b8fc2,Eleazar_Harris91@yahoo.com,cKdOk1OQbP9Y5zEv,true
8637324f-2818-40c8-96ac-d0fc06ed32f4,Josiane.Ullrich@yahoo.com,2024,false
c6d95096-21ed-4afb-add7-c9e4242b2cef,Vivian_Kutch-White@yahoo.com,2024,false
5ba4f997-f451-4acd-8e2b-6f019c261115,Dulce.Wehner58@gmail.com,2025,BNwXBCsUrFqOk
5934f1e6-4e50-4601-b5d5-3042ab0b6509,Brock8@gmail.com,2024,false
78ccb426-3bdb-4b5b-ab57-a671afdccc6c,Adelle_Haag3@gmail.com,2023,true
f4bdecfc-1291-48b3-8a55-aa5920a3460d,Zachery51@yahoo.com,2023,Ypjg3dq0Lrfw2
273db5ff-ee08-406c-b50c-e08bc760cc80,Cali52@gmail.com,2024,false
56674e6e-b66d-46e8-bdfd-bc3d71d4ab3d,Marta_Padberg47@hotmail.com,2025,false
077d38ca-6005-47c2-8a03-14f51ea709e2,Franz_Hudson@hotmail.com,q727hRc2OnOUwTtu,false
6c76d84e-933d-4c3d-82d7-ab994af735eb,Wade46@hotmail.com,2025,false
e8a9f0b8-d046-42cb-8b9d-9906657a6435,Pattie_Mayer48@yahoo.com,2024,false
2331e60f-bd3b-4559-adc3-85e284fa0296,Otilia21@hotmail.com,2025,false
abc26bf0-b5df-4d55-a266-e7ce8847861e,Keara29@yahoo.com,2024,true
e1b0405d-55ad-4aa4-9066-47e8844c1eb8,Corene.Runolfsdottir92@hotmail.com,2025,false
853448a6-60c2-4983-8b83-833e54c6484a,VFqG3oOx49P,2023,B4ciNlAxX3YyW
dbc6034d-09a1-4c1f-826f-34b1fdb0354e,Kaley.Sipes-Klocko7@hotmail.com,jPS3gf4Vqu5eOqo2,true
093d79aa-207e-4b9d-bb08-723c53daade3,Britney.Cruickshank@gmail.com,2023,true
e1110f57-4335-4271-8cb6-349b735dc6cb,Kelley_Smith65@yahoo.com,2025,false
2ae65d66-cb08-46f3-a69e-2b66cb534ce8,Wilford59@hotmail.com,2025,true
2a44a2ff-d781-4cf6-a1fc-1fbfea943fa4,V2G62mEpoA2,WVQqDOR52E35BaSM,true
193c3f89-7e93-4547-88d9-ffe170651557,Yadira_McKenzie-Gleason@gmail.com,FFz7QMaGWWu1S4CW,false
33453b1c-f76a-4722-bbd0-669c5af70405,Dena.Thiel@yahoo.com,2025,true
4080ca8e-830b-49e9-a77f-bdc6c439f0bf,Toney_Bednar19@yahoo.com,2024,false
b72abd0d-436c-4a7c-b4d0-ab895af0fa64,Elliott_Ernser@yahoo.com,2023,true
ys51wrV,pP4fpwbvUVm,TWq5g4fBoYyWu8FU,true
d14da85d-0952-4895-b782-4dd56786d8a4,Sonya10@gmail.com,2024,true
8d363e51-4891-497b-8041-4dfcdd0e45a7,Isabella45@hotmail.com,2025,false
82e0c11d-10ac-4104-947e-4117b50174d4,Elise.Fadel@hotmail.com,2025,false
761c2e04-746b-415e-bf0d-d1be68554a7d,Mariano.Sauer@gmail.com,dSwi1BIBqI3gQHcz,true
d436f710-9d33-48b0-89fa-8dcd0502cf7b,Hilton7@hotmail.com,2023,false
0f825e44-424e-4281-8aa8-2937aaf7233b,Merl_Mosciski42@hotmail.com,2023,true
1f2e4877-aea8-48cc-951c-5c0937525f2b,Adelbert2@gmail.com,2023,ADjZCM8k2yf0J
823ed3fd-17ad-4ae2-8f04-701fa80831ee,Concepcion.Sauer33@gmail.com,kAzmRNIzwMLKDJ3G,true
2c376674-2961-4008-9eda-b2cf429bf2c4,Davion41@hotmail.com,2024,true
48ffff7f-d2e2-4cfd-9976-7c7bf36e8187,Devyn_Kerluke@gmail.com,yQEDPClq10sC766J,false
408762aa-6c34-4073-989b-c94fde5240ce,7M0zSHmCmnq,2023,true
479fb9b7-0e00-4da1-869a-9382fb4f6d12,Lon3@hotmail.com,fbwVirzSNXmac0w9,false
67abfd85-79ce-41a2-8a69-343f5f5ada7f,eiNKMHegCMn,2024,false
b6e18443-8dee-4424-b45a-a152c8be3f43,Kameron90@hotmail.com,2024,true
Nfnn81z,Anita34@yahoo.com,2024,false
512dcba4-4aaa-4ca8-bd57-a65532755823,Coralie_Howell@gmail.com,2024,MgLgiQqG5Igpg
37a69768-f745-4f70-858d-b84d9a34be32,Jacklyn80@gmail.com,2025,zTrZuINGOxUsw
ulDN3xN,Emely_Harris68@gmail.com,2024,false
ec32c158-db35-4f34-a54b-bbbe503bc829,Tyson65@gmail.com,BlssBgTUOeeP6Xjo,false
bf913d5d-0b41-4af3-938d-867d002bc185,Heather_Sanford50@gmail.com,2023,false
9a93b91a-de68-4f25-828f-ea79ef8b79c5,Clarissa43@gmail.com,2024,pbpJOZ4yTiYF9
lUnERFu,Leanne.Lynch@gmail.com,2024,nD1DrBAHLl5NC
6238e0a8-f301-4b6a-bb09-898428888320,Myrtie_Franey@yahoo.com,2024,false
f77f2f09-1333-4ac9-a6f0-e81f06560f59,Ashtyn_Spencer-Green75@yahoo.com,2023,true
8nKdHil,Eileen9@yahoo.com,2025,true
0d15029f-b413-4c96-bab2-a8fada8c5080,Maryjane.Wuckert@yahoo.com,oSRDGPmRtZtRl5XQ,false
491e7724-fb0f-4a84-9acb-c9095f1ab318,Bettie42@gmail.com,R23YhKjFtiMVvoDK,false
1a074b8c-743d-4d1b-9358-f9ae14d42f71,Lelia.Corkery@yahoo.com,QzgSs1nWLmy9eDkK,false
a2618bc0-5d69-4ff8-9f50-7bf0d81ee837,Phoebe.Mueller63@gmail.com,2024,true
9f37a54c-7bd4-412c-a516-d2345efd2930,Wilfrid_Rath@yahoo.com,2023,true
UL9xb8z,Viola_Waelchi25@yahoo.com,2024,PxuFMydAQPnxQ
6c46944c-5fce-4c16-86e6-a81bbcd41c8b,Elouise.Brakus33@hotmail.com,2024,false